SMILES,Solvent,AM,EM,QY,AC,ST,LGAC,Et30,SP,SdP,SA,SB
COC(=O)c1ccccc1-c1c2cc([N+](=O)[O-])c(=O)c(Br)c-2oc2c(Br)c([O-])c([N+](=O)[O-])cc12,O,533,589,0.0008,73180,57,4.864392405,63.1,0.681,0.997,1.062,0.025
COC(=O)c1ccccc1-c1c2cc([N+](=O)[O-])c(=O)c(Br)c-2oc2c(Br)c([O-])c([N+](=O)[O-])cc12,CO,541,589,0.027,81586,49,4.911615641,55.4,0.608,0.904,0.605,0.545
COC(=O)c1ccccc1-c1c2cc([N+](=O)[O-])c(=O)c(Br)c-2oc2c(Br)c([O-])c([N+](=O)[O-])cc12,CS(=O)C,557,601,0.482,81634,45,4.911871077,45.1,0.83,1,0.072,0.647
COC(=O)c1ccccc1-c1c2cc([N+](=O)[O-])c(=O)c(Br)c-2oc2c(Br)c([O-])c([N+](=O)[O-])cc12,CC#N,550,592,0.434,85813,42,4.933553085,45.6,0.645,0.974,0.044,0.286
COC(=O)c1ccccc1-c1c2cc([N+](=O)[O-])c(=O)c(Br)c-2oc2c(Br)c([O-])c([N+](=O)[O-])cc12,CN(C)C=O,555,596,0.548,82783,42,4.917941161,43.2,0.759,0.977,0.031,0.613
COC(=O)c1ccccc1-c1c2cc([N+](=O)[O-])c(=O)c(Br)c-2oc2c(Br)c([O-])c([N+](=O)[O-])cc12,CCO,547,590,0.078,85670,44,4.932828767,51.9,0.633,0.783,0.4,0.658
COC(=O)c1ccccc1-c1c2cc([N+](=O)[O-])c(=O)c(Br)c-2oc2c(Br)c([O-])c([N+](=O)[O-])cc12,CC(=O)C,552,590,0.498,86308,39,4.936051053,42.2,0.651,0.907,0,0.475
CCNc1cc2c(cc1C)C(c1ccccc1C(=O)O)=C1CCCC(/C=C/C3=[N+](C)c4ccc5ccccc5c4C3(C)C)=C1O2,CO,710,744,0.33,130220,34,5.114677691,55.4,0.608,0.904,0.605,0.545
CCNc1cc2c(cc1C)C(c1ccccc1C(=O)O)=C1CCCC(/C=C/C3=[N+](C)c4ccc5ccccc5c4C3(C)C)=C1O2,C(Cl)(Cl)Cl,722,748,0.48,119854,26,5.078652533,39.1,0.783,0.614,0.047,0.071
CCNc1cc2c(cc1C)C(c1ccccc1C(=O)O)=C1CCCC(/C=C/C3=[N+](C)c4ccc5ccccc5c4C3(C)C)=C1O2,CC#N,716,749,0.22,,33,,45.6,0.645,0.974,0.044,0.286
CCNc1cc2c(cc1C)C(c1ccccc1C(=O)O)=C1CCCC(/C=C/C3=[N+](C)c4ccc5ccccc5c4C3(C)C)=C1O2,CCO,708,741,0.34,135880,33,5.133155538,51.9,0.633,0.783,0.4,0.658
CCN(CC)c1ccc2c(c1)[Si](C)(C)c1cc(N(CC)CC)ccc1C21OC(=O)c2ccc([N+](=O)[O-])cc21,CCO,664,680,0.09,160000,16,5.204119983,51.9,0.633,0.783,0.4,0.658
CCN(CC)c1ccc2c(-c3ccccc3C(=O)O)c3cc4c(cc3[o+]c2c1)N(CC)C1CCCCC1N4CC,O,586,671,0.06,170000,85,5.230448921,63.1,0.681,0.997,1.062,0.025
CCN(CC)c1ccc2c(-c3ccccc3C(=O)O)c3cc4c(cc3[o+]c2c1)N(CC)C1CCCCC1N4CC,CCO,584,660,0.35,176000,76,5.245512668,51.9,0.633,0.783,0.4,0.658
CCN(CC)c1ccc2c(-c3ccccc3C(=O)O)c3cc4c(cc3[o+]c2c1)N(CC)C1CCCCC1N4CC,C(Cl)Cl,602,666,0.3,193000,64,5.285557309,40.7,0.761,0.769,0.04,0.178
CCN(CC)c1ccc2c(-c3ccccc3C(=O)O)c3cc4c(cc3[o+]c2c1)N(CC)C1CCCCC1N4CC,CC#N,582,667,0.25,75800,85,4.879669206,45.6,0.645,0.974,0.044,0.286
C#CNC1=c2cc3c4c(c2[Si](C)(C)c2c1cc1c5c2CCCN5CCC1)CCC[N+]=4CCC3,CC#N,515,654,0.18,32000,139,4.505149978,45.6,0.645,0.974,0.044,0.286
C#CNC1=c2cc3c4c(c2[Si](C)(C)c2c1cc1c5c2CCCN5CCC1)CCC[N+]=4CCC3,C(Cl)Cl,517,657,0.23,30200,140,4.480006943,40.7,0.761,0.769,0.04,0.178
C#CNC1=c2cc3c4c(c2[Si](C)(C)c2c1cc1c5c2CCCN5CCC1)CCC[N+]=4CCC3,CCO,510,644,0.19,20900,134,4.320146286,51.9,0.633,0.783,0.4,0.658
Cc1c2ccc(=[N+]3CCCCC3)cc-2oc2cc(N3CCCCC3)ccc12,C(Cl)Cl,555,570,0.91,101900,15,5.008174184,40.7,0.761,0.769,0.04,0.178
Cc1cccc(C)c1C1=C2C=CC(=O)C=C2P(=O)(c2ccccc2)c2cc(O)ccc21,O,600,619,0.68,67570,19,4.829753919,63.1,0.681,0.997,1.062,0.025
CC[N+](CC)=c1ccc2c(-c3ccccc3C(=O)O)c3c(=O)oc4cc5c(cc4c3oc-2c1)CCCN5C,C(Cl)(Cl)Cl,610,647,0.27,76600,37,4.88422877,39.1,0.783,0.614,0.047,0.071
CC[N+](CC)=c1ccc2c(-c3ccccc3C(=O)O)c3c(=O)oc4cc5c(cc4c3oc-2c1)CCCN5C,CCO,598,651,0.05,64800,53,4.811575006,51.9,0.633,0.783,0.4,0.658
CC[N+](CC)=c1ccc2c(-c3ccccc3C(=O)O)c3c(=O)oc4cc5c(cc4c3oc-2c1)CCCN5C,O,601,658,,44800,57,4.651278014,63.1,0.681,0.997,1.062,0.025
O=c1ccc2c(C#Cc3ccccc3F)c3ccc(O)cc3oc-2c1,CS(=O)C,615,646,0.38,53000,31,4.72427587,45.1,0.83,1,0.072,0.647
CCCCOC(=O)c1ccccc1-c1c2cc(Cl)c(=O)c(Cl)c-2oc2c(Cl)c(OCCCC)c(Cl)cc12,CO,496,540,0.15,,44,,55.4,0.608,0.904,0.605,0.545
COc1ccccc1-c1c2ccc(=[N+]3CCCCC3)cc-2oc2cc(N3CCCCC3)ccc12,C(Cl)Cl,566,585,0.92,118000,19,5.071882007,40.7,0.761,0.769,0.04,0.178
COc1ccccc1-c1c2ccc(=[N+]3CCCCC3)cc-2oc2cc(N3CCCCC3)ccc12,CCO,564,586,0.36,115600,22,5.062957834,51.9,0.633,0.783,0.4,0.658
CCN1CC2CCCCN2c2cc3oc4c(Cl)c(=O)ccc-4c(-c4ccccc4C(=O)O)c3cc21,O,557,706,,,149,,63.1,0.681,0.997,1.062,0.025
O=C(O)c1ccc2c(c1)oc1cc(=O)cc3oc4cc(O)ccc4c2c31,CS(=O)C,575,608,0.52,39000,33,4.591064607,45.1,0.83,1,0.072,0.647
c1cc2c(N3CCCCC3)c3ccc(=[N+]4CCCCC4)cc-3oc2cc1N1CCCCC1,C(Cl)Cl,491,562,0.14,60400,71,4.781036939,40.7,0.761,0.769,0.04,0.178
CC(=O)Oc1ccc2cc3c(cc2c1)Oc1c2c4c(cc1=C3c1ccccc1)CCC[N+]=4CCC2,O,453,601,0.088,19500,148,4.290034611,63.1,0.681,0.997,1.062,0.025
CC(=O)Oc1ccc2cc3c(cc2c1)Oc1c2c4c(cc1=C3c1ccccc1)CCC[N+]=4CCC2,CCO,471,595,0.088,23900,124,4.378397901,51.9,0.633,0.783,0.4,0.658
CC(=O)Oc1ccc2cc3c(cc2c1)Oc1c2c4c(cc1=C3c1ccccc1)CCC[N+]=4CCC2,C(Cl)Cl,478,591,0.316,24000,113,4.380211242,40.7,0.761,0.769,0.04,0.178
CN(C)c1ccc2c(c1)[Si](C)(C)C1=CC(=[N+](C)C)C=CC1=C2c1cc(N)cc2[nH]ccc12,O,650,673,0.00088,,23,,63.1,0.681,0.997,1.062,0.025
CN(C)c1ccc2c(c1)[Si](C)(C)c1cc(N(C)C)ccc1C21OC(=O)c2c(Br)cccc21,CS(=O)C,656,676,,,20,,45.1,0.83,1,0.072,0.647
CCN(CC)c1ccc2c(-c3ccccc3C(=O)O)c3c([o+]c2c1)/C(=C/c1nc(C)n2ccccc12)CCC3,C(Cl)Cl,701,735,0.3,104000,34,5.017033339,40.7,0.761,0.769,0.04,0.178
O=c1ccc2c(C#Cc3ccc(F)cc3)c3ccc(O)cc3oc-2c1,CS(=O)C,607,636,0.55,60000,29,4.77815125,45.1,0.83,1,0.072,0.647
O=C(O)Oc1ccc(-c2c3ccc(=O)cc-3oc3cc(O)ccc23)c(C(=O)O)c1,O,490,525,,,35,,63.1,0.681,0.997,1.062,0.025
CN1C(=O)C(=C/C=C/C=C2/N(C)c3ccccc3C2(C)C)C(=O)N(C)C1=S,O,583,603,,,20,,63.1,0.681,0.997,1.062,0.025
CN1CCCc2cc3c(cc21)oc(=O)c1cc2ccc(=[N+](C)C)cc-2oc13,C(Cl)Cl,618,648,0.22,80800,30,4.907411361,40.7,0.761,0.769,0.04,0.178
CCN(CC)c1ccc2c(c1)Oc1cc(N(CC)CC)ccc1C2=C/C=C/c1sc2ccccc2[n+]1C,CC#N,663,,,122000,,5.086359831,45.6,0.645,0.974,0.044,0.286
C#CCN(C1=C2C=CC(=[N+](C)C)C=C2[Si](C)(C)c2cc(N(C)C)ccc21)S(=O)(=O)C(F)(F)F,O,694,713,0.25,,19,,63.1,0.681,0.997,1.062,0.025
CC1=CC(C)(C)N(C)c2cc3c(cc21)C(c1ccccc1C)=c1cc2c(cc1[Si]3(C)C)=[N+](C)C(C)(C)C=C2C,O,721,740,0.05,160000,19,5.204119983,63.1,0.681,0.997,1.062,0.025
CN(C)c1ccc2c(c1)C(C)(C)C1=CC(=[N+](C)C)C=CC1=C2c1cccc2ccccc12,CCO,618,643,0.6,,25,,51.9,0.633,0.783,0.4,0.658
N#CNc1ccc2c(c1)Oc1cc(N3CCC3)ccc1C21OC(=O)c2ccccc21,CCO,554,583,,72000,29,4.857332496,51.9,0.633,0.783,0.4,0.658
CN(C)c1ccc2c(c1)CC1=CC(=[N+](C)C)C=CC1=C2/C=C/C=C1/Sc2ccccc2N1C,CC#N,595,,,50200,,4.700703717,45.6,0.645,0.974,0.044,0.286
CC1=C2C=CC(=[N+](C)C)C=C2C(C)(C)c2cc(N(C)C)ccc21,CCO,602,643,0.58,,41,,51.9,0.633,0.783,0.4,0.658
CCN(CC)c1ccc2c(c1)[Si](C)(C)C1=CC(=[N+](CC)CC)C=CC1=C2c1ccc(Br)cc1,CC#N,655,672,0.34,,17,,45.6,0.645,0.974,0.044,0.286
COc1cc(OCC(=O)O)ccc1-c1c2ccc(=O)cc-2oc2cc(O)ccc12,O,494,515,,,21,,63.1,0.681,0.997,1.062,0.025
COC(=O)c1ccccc1C1=c2cc3c4c(c2Oc2ccc5ccc(N)cc5c21)CCC[N+]=4CCC3,CO,592,670,0.016,21690,78,4.336259552,55.4,0.608,0.904,0.605,0.545
CC1=CC(C)(C)N(CCCC(=O)O)c2cc3c(cc21)C=C1C=CC(=[N+](C)C)C=C1C3(C)C,CCO,634,660,0.58,,26,,51.9,0.633,0.783,0.4,0.658
CN(C)c1ccc2c(c1)[Si](C)(C)C1=CC(=[N+](C)C)C=CC1=C2NCCNC(=O)OC(C)(C)C,O,462,606,0.59,,144,,63.1,0.681,0.997,1.062,0.025
CCN(CC)c1ccc2c(-c3ccccc3C(=O)O)c3c([o+]c2c1)/C(=C/c1nc(-c2ccccc2)n2ccccc12)CCC3,C(Cl)Cl,703,746,0.4,90000,43,4.954242509,40.7,0.761,0.769,0.04,0.178
N#CNc1ccc2c(c1)Oc1cc(NC#N)ccc1C21OC(=O)c2ccccc21,CCO,568,597,,111000,29,5.045322979,51.9,0.633,0.783,0.4,0.658
CC1(C)CC(=O)C2=C(C1)Oc1ccc3ccccc3c1C2c1ccccn1,CO,275,,,,,,55.4,0.608,0.904,0.605,0.545
CC1(C)CC(=O)C2=C(C1)Oc1ccc3ccccc3c1C2c1ccccn1,CC#N,275,,,,,,45.6,0.645,0.974,0.044,0.286
CC1(C)CC(=O)C2=C(C1)Oc1ccc3ccccc3c1C2c1ccccn1,CCO,274,,,,,,51.9,0.633,0.783,0.4,0.658
CC1(C)CC(=O)C2=C(C1)Oc1ccc3ccccc3c1C2c1ccccn1,C1CCOC1,275,,,,,,37.4,0.714,0.634,0,0.591
CC1(C)CC(=O)C2=C(C1)Oc1ccc3ccccc3c1C2c1ccccn1,C1COCCO1,274,,,,,,36,0.737,0.312,0,0.444
CC1(C)CC(=O)C2=C(C1)Oc1ccc3ccccc3c1C2c1ccccn1,O,264,,,,,,63.1,0.681,0.997,1.062,0.025
CN(C)c1ccc2c(c1)[Si](C)(C)c1cc(N(C)C)ccc1C21C=Cc2ccc(Br)cc2O1,CS(=O)C,658,,,,,,45.1,0.83,1,0.072,0.647
CN(C)c1ccc2c(=NS(C)(=O)=O)c3ccc(N(C)C)cc3oc2c1,CO,422,525,0.33,5100,103,3.707570176,55.4,0.608,0.904,0.605,0.545
CCN1CCc2cc3c(cc21)C(C)(C)c1cc2c(cc1=C3)CC[N+]=2C,CCO,633,657,0.63,,24,,51.9,0.633,0.783,0.4,0.658
O=S(=O)([O-])c1cc(S(=O)(=O)Cl)ccc1C1=c2cc3c4c(c2Oc2c1cc1c5c2CCCN5CCC1)CCC[N+]=4CCC3,O,589,615,,,26,,63.1,0.681,0.997,1.062,0.025
CCN1CCCc2cc3c(cc21)C(C)(C)c1cc2c(cc1=C3c1c(Cl)c(Cl)c(Cl)c(Cl)c1C(=O)O)C(C)=CC(C)(C)[N+]=2CC,CCO,683,713,0.45,,30,,51.9,0.633,0.783,0.4,0.658
c1ccc(C2=c3cc4c5c(c3[Te]c3c2cc2c6c3CCCN6CCC2)CCC[N+]=5CCC4)cc1,CO,617,642,0.002,144000,25,5.158362492,55.4,0.608,0.904,0.605,0.545
Nc1ccc2c(-c3ccc(Br)cc3)c3ccc(=[NH2+])cc-3oc2c1,CCO,514,532,,51100,18,4.7084209,51.9,0.633,0.783,0.4,0.658
O=c1ccc2c(-c3ccccc3)c3cc4ccc(O)cc4cc3oc-2c1,O,543,710,,,167,,63.1,0.681,0.997,1.062,0.025
CN(C)c1ccc2c(c1)Oc1cc(NC#N)ccc1C21OC(=O)c2ccccc21,CCO,553,584,,86000,31,4.934498451,51.9,0.633,0.783,0.4,0.658
CC[N+](CC)=c1ccc2c(-c3ccccc3C)c3ccc(O)cc3oc-2c1,CCO,523,555,0.706,85000,32,4.929418926,51.9,0.633,0.783,0.4,0.658
CCN(CC)c1ccc2c(-c3ccccc3)c3ccc(=[N+](CC)CC)cc-3oc2c1,CCO,552,574,0.59,102600,22,5.011147361,51.9,0.633,0.783,0.4,0.658
COc1cc(N)cc(C2=C3C=CC(=[N+](C)C)C=C3[Si](C)(C)c3cc(N(C)C)ccc32)c1OC,O,652,665,0.00067,,13,,63.1,0.681,0.997,1.062,0.025
O=C(O)c1ccccc1-c1c2ccc(=[N+]3CCCC3)cc-2oc2cc(N3CCCC3)ccc12,CCO,545,567,0.75,76900,22,4.88592634,51.9,0.633,0.783,0.4,0.658
CC[N+](CC)=C1C=CC2=C(c3ccccc3C(=O)O)c3ccc(N)cc3[Si](C)(C)C2=C1,O,612,637,0.26,20800,25,4.318063335,63.1,0.681,0.997,1.062,0.025
CN(C)c1ccc2c(c1)C(C)(C)C1=CC(=[N+](C)C)C=CC1=C2c1ccccc1C(=O)O,CCO,612,642,0.75,,30,,51.9,0.633,0.783,0.4,0.658
C=CCCNC1=C2C=CC(=[N+](C)C)C=C2[Si](C)(C)c2cc(N(C)C)ccc21,O,459,613,0.53,,154,,63.1,0.681,0.997,1.062,0.025
CN(C)c1cc2oc3cc(=[N+](C)C)c(-c4ccccc4)cc-3c(-c3ccccc3C([O])=O)c2cc1-c1ccccc1,CO,559,,,,,,55.4,0.608,0.904,0.605,0.545
O=C([O-])c1ccccc1-c1c2cc(I)c(=O)c(I)c-2oc2c(I)c([O-])c(I)cc12,CCO,532,551,0.08,,19,,51.9,0.633,0.783,0.4,0.658
O=C([O-])c1ccccc1-c1c2cc(I)c(=O)c(I)c-2oc2c(I)c([O-])c(I)cc12,O,521,534,0.02,,13,,63.1,0.681,0.997,1.062,0.025
O=C([O-])c1ccccc1-c1c2cc(I)c(=O)c(I)c-2oc2c(I)c([O-])c(I)cc12,CO,526,545,0.08,,19,,55.4,0.608,0.904,0.605,0.545
CNC1=c2cc3c4c(c2[Si](C)(C)c2c1cc1c5c2CCCN5CCC1)CCC[N+]=4CCC3,C(Cl)Cl,492,641,0.33,18300,149,4.26245109,40.7,0.761,0.769,0.04,0.178
CNC1=c2cc3c4c(c2[Si](C)(C)c2c1cc1c5c2CCCN5CCC1)CCC[N+]=4CCC3,O,481,655,0.11,14500,174,4.161368002,63.1,0.681,0.997,1.062,0.025
CNC1=c2cc3c4c(c2[Si](C)(C)c2c1cc1c5c2CCCN5CCC1)CCC[N+]=4CCC3,CC#N,488,640,0.26,12300,152,4.089905111,45.6,0.645,0.974,0.044,0.286
CNC1=c2cc3c4c(c2[Si](C)(C)c2c1cc1c5c2CCCN5CCC1)CCC[N+]=4CCC3,CCO,487,628,0.28,13100,141,4.117271296,51.9,0.633,0.783,0.4,0.658
O=c1cc2oc3cc(O)ccc3c3c4ccc(N5CCCCC5)cc4oc(c1)c23,CS(=O)C,539,568,0.94,32000,29,4.505149978,45.1,0.83,1,0.072,0.647
COc1cccc(OC)c1C1=C2C=CC(=[N+](C)C)C=C2S(=O)(=O)c2cc(N(C)C)ccc21,O,710,752,0.07,129000,42,5.11058971,63.1,0.681,0.997,1.062,0.025
CC[N+](CC)=c1ccc2c(-c3ccccc3C(=O)O)c3oc4cc(N)ccc4c3oc-2c1,CCO,572,622,0.778,113400,50,5.054613055,51.9,0.633,0.783,0.4,0.658
CC[N+](CC)=c1ccc2c(-c3ccccc3C(=O)O)c3oc4cc(N)ccc4c3oc-2c1,O,581,634,0.126,71400,53,4.853698212,63.1,0.681,0.997,1.062,0.025
CC[N+](CC)=c1ccc2c(-c3ccccc3C(=O)O)c3oc4cc(N)ccc4c3oc-2c1,C(Cl)Cl,581,617,0.726,44400,36,4.64738297,40.7,0.761,0.769,0.04,0.178
CCN(C)c1ccc2c(-c3ccccc3C)c3cc/c(=[N+](/C)CC)cc-3oc2c1,CCO,552,570,0.76,114700,18,5.059563418,51.9,0.633,0.783,0.4,0.658
CCN(CC)c1ccc2c(-c3c(F)c(F)c(F)c(F)c3C(=O)O)c3cc4c(cc3[o+]c2c1)N1CCCC1CN4CC(F)(F)F,O,602,638,0.43,61511,36,4.788952788,63.1,0.681,0.997,1.062,0.025
CCN(CC)c1ccc2c(-c3c(Oc4c(C)cccc4C)cccc3Oc3c(C)cccc3C)c3ccc(=[N+](CC)CC)cc-3oc2c1,CCO,562,583,0.48,75000,21,4.875061263,51.9,0.633,0.783,0.4,0.658
Nc1ccc2cc3ccc(=[NH2+])cc-3oc2c1,O,496,514,0.92,81400,18,4.910624405,63.1,0.681,0.997,1.062,0.025
CC1=C(c2ccccc2)/C(=c2/ccc3c(c2)Oc2cc(-c4c(C)c(-c5ccccc5)c5ccccn45)ccc2C=3c2ccccc2)[n+]2ccccc21,CC1=CC=CC=C1,930,1097,0.0004,73500,167,4.866287339,33.9,0.782,0.284,0,0.128
CN1/C(=C/C=C/C=C2/C(=O)c3ccccc3S2(=O)=O)C(C)(C)c2ccccc21,O,586,615,,,29,,63.1,0.681,0.997,1.062,0.025
CC[N+](CC)=C1C=CC(=C2C=C(c3ccccc3C(=O)O)c3cc4c5c(c3O2)CCCN5CCC4)C=C1,O,612,648,,,36,,63.1,0.681,0.997,1.062,0.025
COC(=O)c1ccccc1-c1c2ccc(=[N+](C)C)cc-2oc2ccc3ccc(OC)cc3c12,CO,520,610,0.1165,27549,90,4.440105839,55.4,0.608,0.904,0.605,0.545
O=C1OC2(c3ccc(O)cc3Oc3cc(O)ccc32)c2ccccc21,CCO,502,521,,102000,19,5.008600172,51.9,0.633,0.783,0.4,0.658
O=C(O)COc1cccc(OCC(=O)O)c1-c1c2ccc(=[N+]3CCCCC3)cc-2oc2cc(N3CCCCC3)ccc12,CCO,557,580,0.49,84800,23,4.928395852,51.9,0.633,0.783,0.4,0.658
Cc1c2cc(-c3ccc(N(C)C)cc3)c(=O)cc-2oc2cc(N(C)C)ccc12,CC(=O)C,519,685,,,166,,42.2,0.651,0.907,0,0.475
Cc1c2cc(-c3ccc(N(C)C)cc3)c(=O)cc-2oc2cc(N(C)C)ccc12,CC1=CC=CC=C1,514,621,,,107,,33.9,0.782,0.284,0,0.128
CC[N+]1=C(/C=C/C=C/C=C2/N(CCCCS(=O)(=O)[O-])c3ccc(C(=O)O)cc3C2(C)C)C(C)(C)c2c1ccc1c(S(=O)(=O)[O-])cc(S(=O)(=O)[O-])cc21,O,662,684,,,22,,63.1,0.681,0.997,1.062,0.025
CCN1CC2CCCN2c2cc3oc4cc(=O)ccc-4c(-c4ccccc4C(=O)O)c3cc21,O,543,656,,,113,,63.1,0.681,0.997,1.062,0.025
CN(C)c1ccc2c(-c3ccccc3)c3ccc4cc(=[N+](C)C)ccc4c3[se]c2c1,CO,658,717,0.009,69000,59,4.838849091,55.4,0.608,0.904,0.605,0.545
CCN(CC)c1ccc2c(-c3ccccc3C(=O)N(C(=O)NC3CCCCC3)C3CCCCC3)c3ccc(=[N+](CC)CC)cc-3oc2c1,CCO,560,583,0.97,,23,,51.9,0.633,0.783,0.4,0.658
CCN(CC)c1ccc2c(-c3ccccc3C(=O)N(C(=O)NC3CCCCC3)C3CCCCC3)c3ccc(=[N+](CC)CC)cc-3oc2c1,CO,,585,,,,,55.4,0.608,0.904,0.605,0.545
CCN(CC)c1ccc2c(-c3ccccc3C(=O)N(C(=O)NC3CCCCC3)C3CCCCC3)c3ccc(=[N+](CC)CC)cc-3oc2c1,CN(C)C=O,562,582,,,20,,43.2,0.759,0.977,0.031,0.613
CCN(CC)c1ccc2c(-c3ccccc3C(=O)N(C(=O)NC3CCCCC3)C3CCCCC3)c3ccc(=[N+](CC)CC)cc-3oc2c1,CC#N,,584,,,,,45.6,0.645,0.974,0.044,0.286
CCN(CC)c1ccc2c(-c3ccccc3C(=O)N(C(=O)NC3CCCCC3)C3CCCCC3)c3ccc(=[N+](CC)CC)cc-3oc2c1,O,,593,,,,,63.1,0.681,0.997,1.062,0.025
O=C(O)c1ccccc1C1=c2cc3c4c(c2Oc2c1c(=O)oc1cc(N(c5ccccc5)c5ccccc5)ccc21)CCC[N+]=4CCC3,CC1=CC=CC=C1,612,659,0.77,54600,47,4.737192643,33.9,0.782,0.284,0,0.128
O=C(O)c1ccccc1C1=c2cc3c4c(c2Oc2c1c(=O)oc1cc(N(c5ccccc5)c5ccccc5)ccc21)CCC[N+]=4CCC3,CCCCCC,605,650,0.39,31300,45,4.495544338,31,0.616,0,0,0.056
O=C(O)c1ccccc1C1=c2cc3c4c(c2Oc2c1c(=O)oc1cc(N(c5ccccc5)c5ccccc5)ccc21)CCC[N+]=4CCC3,CC(=O)C,601,642,0.54,39400,41,4.595496222,42.2,0.651,0.907,0,0.475
O=C(O)c1ccccc1C1=c2cc3c4c(c2Oc2c1c(=O)oc1cc(N(c5ccccc5)c5ccccc5)ccc21)CCC[N+]=4CCC3,CO,599,641,0.55,40100,42,4.603144373,55.4,0.608,0.904,0.605,0.545
O=C(O)c1ccccc1C1=c2cc3c4c(c2Oc2c1c(=O)oc1cc(N(c5ccccc5)c5ccccc5)ccc21)CCC[N+]=4CCC3,C(Cl)(Cl)Cl,614,668,0.62,50900,54,4.706717782,39.1,0.783,0.614,0.047,0.071
O=C(O)c1ccccc1C1=c2cc3c4c(c2Oc2c1c(=O)oc1cc(N(c5ccccc5)c5ccccc5)ccc21)CCC[N+]=4CCC3,CS(=O)C,604,645,0.26,16200,41,4.209515015,45.1,0.83,1,0.072,0.647
O=C(O)c1ccccc1C1=c2cc3c4c(c2Oc2c1c(=O)oc1cc(N(c5ccccc5)c5ccccc5)ccc21)CCC[N+]=4CCC3,CC#N,599,639,0.55,36000,40,4.556302501,45.6,0.645,0.974,0.044,0.286
CN(C)c1ccc2c(-c3ccccc3)c3ccc(=[N+](C)C)cc-3oc2c1,CCO,550,571,0.87,79300,21,4.899273187,51.9,0.633,0.783,0.4,0.658
CCN(CC)c1ccc2c(-c3ccccc3C(=O)O)c3c([o+]c2c1)/C(=C/c1ccc2c(c1)c1ccccc1n2CC)CCC3,C(Cl)Cl,646,712,0.08,49000,66,4.69019608,40.7,0.761,0.769,0.04,0.178
COc1cccc(OC)c1C1=C2C=CC(=O)C=C2P(=O)([O-])c2cc(N(C)C)ccc21,O,670,698,0.11,66100,28,4.820201459,63.1,0.681,0.997,1.062,0.025
c1ccc(-c2c3ccc(=[N+]4CCC4)cc-3oc3cc(N4CCC4)ccc23)cc1,CCO,551,572,0.85,116500,21,5.066325925,51.9,0.633,0.783,0.4,0.658
CC[N+](CC)=c1ccc2c(-c3ccccc3C(=O)OC)c3ccc4c(ccc5c(C)cc(=O)oc54)c3oc-2c1,CC1=CC=CC=C1,592,623,,23100,31,4.36361198,33.9,0.782,0.284,0,0.128
CC[N+](CC)=c1ccc2c(-c3ccccc3C(=O)OC)c3ccc4c(ccc5c(C)cc(=O)oc54)c3oc-2c1,CS(=O)C,573,615,0.017,25800,42,4.411619706,45.1,0.83,1,0.072,0.647
CC[N+](CC)=c1ccc2c(-c3ccccc3C(=O)OC)c3ccc4c(ccc5c(C)cc(=O)oc54)c3oc-2c1,CC(=O)C,566,604,0.01,29700,38,4.472756449,42.2,0.651,0.907,0,0.475
CC[N+](CC)=c1ccc2c(-c3ccccc3C(=O)OC)c3ccc4c(ccc5c(C)cc(=O)oc54)c3oc-2c1,C1CCOC1,569,603,,16900,34,4.227886705,37.4,0.714,0.634,0,0.591
CC[N+](CC)=c1ccc2c(-c3ccccc3C(=O)OC)c3ccc4c(ccc5c(C)cc(=O)oc54)c3oc-2c1,CN(C)C=O,570,611,,23400,41,4.369215857,43.2,0.759,0.977,0.031,0.613
CC[N+](CC)=c1ccc2c(-c3ccccc3C(=O)OC)c3ccc4c(ccc5c(C)cc(=O)oc54)c3oc-2c1,C(Cl)(Cl)Cl,570,603,0.0194,25300,33,4.403120521,39.1,0.783,0.614,0.047,0.071
CC[N+](CC)=c1ccc2c(-c3ccccc3C(=O)OC)c3ccc4c(ccc5c(C)cc(=O)oc54)c3oc-2c1,C(Cl)Cl,568,599,0.0422,36100,31,4.557507202,40.7,0.761,0.769,0.04,0.178
CC[N+](CC)=c1ccc2c(-c3ccccc3C(=O)OC)c3ccc4c(ccc5c(C)cc(=O)oc54)c3oc-2c1,CO,565,601,,27000,36,4.431363764,55.4,0.608,0.904,0.605,0.545
CC[N+](CC)=c1ccc2c(-c3ccccc3C(=O)OC)c3ccc4c(ccc5c(C)cc(=O)oc54)c3oc-2c1,CCOC(=O)C,576,615,0.0099,22200,39,4.346352974,38.1,0.656,0.603,0,0.542
CC[N+](CC)=c1ccc2c(-c3ccccc3C(=O)OC)c3ccc4c(ccc5c(C)cc(=O)oc54)c3oc-2c1,CCO,566,602,0.0125,28100,36,4.44870632,51.9,0.633,0.783,0.4,0.658
CC[N+](CC)=c1ccc2c(-c3ccccc3C(=O)OC)c3ccc4c(ccc5c(C)cc(=O)oc54)c3oc-2c1,O,568,607,0.0061,22800,39,4.357934847,63.1,0.681,0.997,1.062,0.025
CC[N+](CC)=c1ccc2c(-c3ccccc3C(=O)OC)c3ccc4c(ccc5c(C)cc(=O)oc54)c3oc-2c1,CC#N,565,602,0.0145,27200,37,4.434568904,45.6,0.645,0.974,0.044,0.286
COc1ccc2c(-c3ccccc3C(=O)[O-])c3ccc(=O)cc-3oc2c1,CCO,453,516,0.43,28500,63,4.45484486,51.9,0.633,0.783,0.4,0.658
CCOC(=O)/C(C#N)=C/C1=C2Oc3cc4ccccc4cc3C(/N=C/N(C)C)=C2CCCC1,CC#N,525,615,0.0005,60700,90,4.783188691,45.6,0.645,0.974,0.044,0.286
CCOC(=O)/C(C#N)=C/C1=C2Oc3cc4ccccc4cc3C(/N=C/N(C)C)=C2CCCC1,C1CCOC1,525,614,0.0003,60500,89,4.781755375,37.4,0.714,0.634,0,0.591
CCOC(=O)/C(C#N)=C/C1=C2Oc3cc4ccccc4cc3C(/N=C/N(C)C)=C2CCCC1,C(Cl)Cl,525,611,0.0005,60600,86,4.782472624,40.7,0.761,0.769,0.04,0.178
CCOC(=O)/C(C#N)=C/C1=C2Oc3cc4ccccc4cc3C(/N=C/N(C)C)=C2CCCC1,CO,526,611,0.0006,60800,85,4.783903579,55.4,0.608,0.904,0.605,0.545
COc1ccc2c(/C=C/C=C3C=C(c4ccccc4)OC(c4ccccc4)=C3)c3ccc(OC)cc3[o+]c2c1,CC#N,684,,,96000,,4.982271233,45.6,0.645,0.974,0.044,0.286
Cc1ccc(-c2c3ccc(=O)cc-3oc3cc(O)ccc23)c(C)c1,O,491,510,,,19,,63.1,0.681,0.997,1.062,0.025
O=c1ccc2c(-c3ccccc3)c3ccc4cccc(O)c4c3oc-2c1,O,610,775,,,165,,63.1,0.681,0.997,1.062,0.025
Oc1cccc(O)c1-c1c2ccc(=[N+]3CCCCC3)cc-2oc2cc(N3CCCCC3)ccc12,CCO,557,580,0.26,71000,23,4.851258349,51.9,0.633,0.783,0.4,0.658
CN(C)c1ccc2c(c1)C(C)(C)c1cc(N(C)C)ccc1C21OC(=O)c2c(Br)cccc21,CS(=O)C,620,646,,,26,,45.1,0.83,1,0.072,0.647
O=c1cc2oc3cc(O)c(Cl)cc3c(-c3ccccc3CO)c-2cc1Cl,O,506,523,,,17,,63.1,0.681,0.997,1.062,0.025
CCOC(=O)/C(C#N)=C/C1=C2Oc3cc4ccccc4cc3C(/N=C/N(C)C)=C2CC1,CO,538,608,0.0258,61600,70,4.789580712,55.4,0.608,0.904,0.605,0.545
CCOC(=O)/C(C#N)=C/C1=C2Oc3cc4ccccc4cc3C(/N=C/N(C)C)=C2CC1,CC#N,538,612,0.0225,61200,74,4.786751422,45.6,0.645,0.974,0.044,0.286
CCOC(=O)/C(C#N)=C/C1=C2Oc3cc4ccccc4cc3C(/N=C/N(C)C)=C2CC1,C1CCOC1,538,610,0.0216,60800,72,4.783903579,37.4,0.714,0.634,0,0.591
CCOC(=O)/C(C#N)=C/C1=C2Oc3cc4ccccc4cc3C(/N=C/N(C)C)=C2CC1,C(Cl)Cl,539,611,0.0227,61100,72,4.78604121,40.7,0.761,0.769,0.04,0.178
CON(OC)c1ccc2c(c1)[Si](C)(C)C1=CC(=[N+](OC)OC)C=CC1=C2c1cc(N=[N+]=[N-])ccc1C,O,653,667,0.081,,14,,63.1,0.681,0.997,1.062,0.025
CCN(CC)c1ccc2c(/C(C=[N+](C)C)=C/N(C)C)c3ccc(=[N+](CC)CC)cc-3oc2c1,CC#N,582,604,0.2,123000,22,5.089905111,45.6,0.645,0.974,0.044,0.286
C[Si]1(C)C2=CC(=[N+]3CCC3)C=CC2=C(c2ccccc2O)c2ccc(N3CCC3)cc21,O,651,666,,,15,,63.1,0.681,0.997,1.062,0.025
c1ccc(-c2c3ccc(=[N+]4CCCCC4)cc-3oc3cc(N4CCCCC4)ccc23)cc1,C(Cl)Cl,565,585,0.89,106000,20,5.025305865,40.7,0.761,0.769,0.04,0.178
c1ccc(-c2c3ccc(=[N+]4CCCCC4)cc-3oc3cc(N4CCCCC4)ccc23)cc1,CCO,564,588,0.3,86700,24,4.938019097,51.9,0.633,0.783,0.4,0.658
c1ccc(Cc2c3ccc(=[N+]4CCCCC4)cc-3oc3cc(N4CCCCC4)ccc23)cc1,C(Cl)Cl,566,582,0.87,95900,16,4.981818607,40.7,0.761,0.769,0.04,0.178
CCN(CC)c1ccc2c(c1)Oc1ccccc1/C2=C\C=C\c1sc2ccccc2[n+]1C,CC#N,630,,,38000,,4.579783597,45.6,0.645,0.974,0.044,0.286
CCOC(=O)CSc1c(F)c(F)c(C(=O)O)c(C2=C3C=CC(=[N+]4CCC4)C=C3[Si](C)(C)c3cc(N4CCC4)ccc32)c1F,O,668,681,,,13,,63.1,0.681,0.997,1.062,0.025
C=CCOC(=O)c1ccccc1-c1c2cc(Br)c(=O)c(Br)c-2oc2c(Br)c(OCC=C)c(Br)cc12,CCO,535,547,0.05,59252,12,4.772703014,51.9,0.633,0.783,0.4,0.658
COc1cc(N)c(OC)c(C2=C3C=CC(=[N+](C)C)C=C3[Si](C)(C)c3cc(N(C)C)ccc32)c1,O,654,672,0.0012,,18,,63.1,0.681,0.997,1.062,0.025
CCN1CCN(CC)c2cc3c(cc21)Oc1cc2c(cc1=C3c1ccccc1C(=O)O)N(CC)CC[N+]=2CC,CC#N,604,653,,,49,,45.6,0.645,0.974,0.044,0.286
CCN1CCN(CC)c2cc3c(cc21)Oc1cc2c(cc1=C3c1ccccc1C(=O)O)N(CC)CC[N+]=2CC,CCO,597,644,,,47,,51.9,0.633,0.783,0.4,0.658
CCN1CCN(CC)c2cc3c(cc21)Oc1cc2c(cc1=C3c1ccccc1C(=O)O)N(CC)CC[N+]=2CC,CS(=O)C,603,652,,,49,,45.1,0.83,1,0.072,0.647
CCN1CCN(CC)c2cc3c(cc21)Oc1cc2c(cc1=C3c1ccccc1C(=O)O)N(CC)CC[N+]=2CC,C(Cl)Cl,603,652,,,49,,40.7,0.761,0.769,0.04,0.178
CCN1CCN(CC)c2cc3c(cc21)Oc1cc2c(cc1=C3c1ccccc1C(=O)O)N(CC)CC[N+]=2CC,CN(C)C=O,601,651,,,50,,43.2,0.759,0.977,0.031,0.613
CCN1CCN(CC)c2cc3c(cc21)Oc1cc2c(cc1=C3c1ccccc1C(=O)O)N(CC)CC[N+]=2CC,CO,598,645,,,47,,55.4,0.608,0.904,0.605,0.545
CCN1c2cc3[o+]c4cc(Cl)ccc4c(-c4ccccc4C(=O)O)c3cc2N(CC)C2CCCCC21,CC#N,489,690,0.015,62000,201,4.792391689,45.6,0.645,0.974,0.044,0.286
CCN1c2cc3[o+]c4cc(Cl)ccc4c(-c4ccccc4C(=O)O)c3cc2N(CC)C2CCCCC21,CCO,491,685,0.014,67000,194,4.826074803,51.9,0.633,0.783,0.4,0.658
CCN1c2cc3[o+]c4cc(Cl)ccc4c(-c4ccccc4C(=O)O)c3cc2N(CC)C2CCCCC21,C(Cl)Cl,492,665,0.13,68000,173,4.832508913,40.7,0.761,0.769,0.04,0.178
CCN1c2cc3[o+]c4cc(Cl)ccc4c(-c4ccccc4C(=O)O)c3cc2N(CC)C2CCCCC21,O,485,690,0.01,65000,205,4.812913357,63.1,0.681,0.997,1.062,0.025
CCOC(=O)CCCN1CCc2cc3c(cc21)C(C)(C)C1=CC(=[N+](C)C)C=CC1=C3,CCO,616,640,0.76,,24,,51.9,0.633,0.783,0.4,0.658
CCN(CC)c1ccc2c(c1)P(C)(=O)C1=CC(=[N+](CC)CC)C=CC1=C2c1ccccc1C,O,694,712,0.11,92000,18,4.963787827,63.1,0.681,0.997,1.062,0.025
O=C([O-])c1ccccc1-c1c2cc(Br)c(=O)c(Br)c-2oc2c(Br)c([O-])c(Br)cc12,CO,522,542,0.6,,20,,55.4,0.608,0.904,0.605,0.545
O=C([O-])c1ccccc1-c1c2cc(Br)c(=O)c(Br)c-2oc2c(Br)c([O-])c(Br)cc12,CCO,527,550,0.69,,23,,51.9,0.633,0.783,0.4,0.658
O=C([O-])c1ccccc1-c1c2cc(Br)c(=O)c(Br)c-2oc2c(Br)c([O-])c(Br)cc12,O,515,538,0.2,,23,,63.1,0.681,0.997,1.062,0.025
CN1CCC(C)(C)c2cc3c(cc21)Sc1cc2c(cc1=C3c1ccccc1)C(C)(C)CC[N+]=2C,CO,579,606,0.53,104000,27,5.017033339,55.4,0.608,0.904,0.605,0.545
CCN1c2cc3[o+]c4cc(OC)ccc4c(-c4ccccc4C(=O)O)c3cc2N(CC)C2CCCCC21,O,534,685,0.021,70000,151,4.84509804,63.1,0.681,0.997,1.062,0.025
CCN1c2cc3[o+]c4cc(OC)ccc4c(-c4ccccc4C(=O)O)c3cc2N(CC)C2CCCCC21,CCO,543,680,0.11,76000,137,4.880813592,51.9,0.633,0.783,0.4,0.658
CCN1c2cc3[o+]c4cc(OC)ccc4c(-c4ccccc4C(=O)O)c3cc2N(CC)C2CCCCC21,CC#N,543,666,0.1,70000,123,4.84509804,45.6,0.645,0.974,0.044,0.286
CCN1c2cc3[o+]c4cc(OC)ccc4c(-c4ccccc4C(=O)O)c3cc2N(CC)C2CCCCC21,C(Cl)Cl,548,653,0.31,73000,105,4.86332286,40.7,0.761,0.769,0.04,0.178
CC[N+](CC)=c1ccc2c(-c3ccccc3C(=O)O)c3ccc(-c4nc(-c5ccccc5)c(-c5ccccc5)[nH]4)cc3oc-2c1,O,571,651,,,80,,63.1,0.681,0.997,1.062,0.025
N#CNc1ccc2c(c1)Oc1c(cc3c4c1CCCN4CCC3)C21OC(=O)c2ccccc21,CCO,565,589,,84000,24,4.924279286,51.9,0.633,0.783,0.4,0.658
CCN1CCCc2cc3c(cc21)C(C)(C)c1cc2c(cc1=C3c1c(Cl)c(Cl)c(Cl)c(Cl)c1C(=O)O)CCC[N+]=2CC,CCO,662,692,0.6,,30,,51.9,0.633,0.783,0.4,0.658
N=c1ccc2c(-c3ccccc3C(=O)O)c3ccc4cc(N)ccc4c3oc-2c1,O,534,628,,,94,,63.1,0.681,0.997,1.062,0.025
CC[N+](CC)=c1ccc2c(-c3ccccc3C(=O)O)c3c(oc-2c1)-c1ccc(N)cc1CC3,O,577,617,0.43,119200,40,5.076276255,63.1,0.681,0.997,1.062,0.025
COc1cccc(OC)c1C1=C2C=CC(=[N+](C)C)C=C2P(=O)(c2ccccc2)c2cc(N(C)C)ccc21,O,705,733,0.13,93800,28,4.972202838,63.1,0.681,0.997,1.062,0.025
O=C(O)c1ccc(-c2c3ccc(=O)cc-3oc3cc(O)c4ccccc4c23)c(C(=O)O)c1,O,508,531,,,23,,63.1,0.681,0.997,1.062,0.025
N#Cc1ccc2c(c1)oc1cc(=O)cc3oc4cc(O)ccc4c2c31,CS(=O)C,621,685,0.11,27000,64,4.431363764,45.1,0.83,1,0.072,0.647
[OH+]=c1ccc2c3c4ccc(N5CCCCC5)cc4oc4cc(N5CCCCC5)cc(oc-2c1)c43,CS(=O)C,558,609,0.26,43000,51,4.633468456,45.1,0.83,1,0.072,0.647
O=c1cc2oc3cc(N4CCCCC4)ccc3c3c4ccc(N5CCCCC5)cc4oc(c1)c23,CS(=O)C,547,569,0.75,44000,22,4.643452676,45.1,0.83,1,0.072,0.647
C[Si]1(C)c2cc(N3CCC3)ccc2C2(OCc3cc(Br)ccc32)c2ccc(N3CCC3)cc21,CS(=O)C,658,678,,,20,,45.1,0.83,1,0.072,0.647
O=c1ccc2c(C#Cc3ccc(C(F)(F)F)cc3)c3ccc(O)cc3oc-2c1,CS(=O)C,622,660,0.24,40000,38,4.602059991,45.1,0.83,1,0.072,0.647
CCOC(=O)c1ccccc1-c1c2ccc(=[N+](CC)CC)cc-2oc2cc(N(CC)CC)ccc12,O,552,581,0.34,,29,,63.1,0.681,0.997,1.062,0.025
CCOC(=O)c1ccccc1-c1c2ccc(=[N+](CC)CC)cc-2oc2cc(N(CC)CC)ccc12,CN(C)C=O,560,585,0.39,,25,,43.2,0.759,0.977,0.031,0.613
CCOC(=O)c1ccccc1-c1c2ccc(=[N+](CC)CC)cc-2oc2cc(N(CC)CC)ccc12,CCO,541,571,0.69,,30,,51.9,0.633,0.783,0.4,0.658
CCOC(=O)c1ccccc1-c1c2ccc(=[N+](CC)CC)cc-2oc2cc(N(CC)CC)ccc12,CC#N,555,581,0.39,,26,,45.6,0.645,0.974,0.044,0.286
O=C([O-])c1ccc(C2=c3cc4c5c(c3Oc3c2cc2c6c3CCCN6CCC2)CCC[N+]=5CCC4)c(C(=O)[O-])c1,O,574,603,0.6,,29,,63.1,0.681,0.997,1.062,0.025
O=C([O-])c1ccc(C2=c3cc4c5c(c3Oc3c2cc2c6c3CCCN6CCC2)CCC[N+]=5CCC4)c(C(=O)[O-])c1,CCO,573,601,0.79,,28,,51.9,0.633,0.783,0.4,0.658
CN(C)c1ccc2c(c1)[Si](C)(C)c1cc(N(C)C)ccc1C2=NS(C)(=O)=O,CO,444,617,0.23,3400,173,3.531478917,55.4,0.608,0.904,0.605,0.545
C[Si]1(C)C2=CC(=[N+]3CCC3)C=CC2=C(C(=O)O)c2ccc(N3CCC3)cc21,O,641,657,,,16,,63.1,0.681,0.997,1.062,0.025
CCN(CC)c1ccc2c(c1)[Si](C)(C)C1=CC(=[N+](CC)CC)C=CC1=C2c1ccccc1,CC#N,652,671,0.35,,19,,45.6,0.645,0.974,0.044,0.286
CCN(CC)c1ccc2c(-c3ccccc3C)c3ccc(=[N+](CC)CC)cc-3oc2c1,CCO,555,572,0.48,106900,17,5.028977705,51.9,0.633,0.783,0.4,0.658
CN(C)c1ccc2c(c1)[Si](C)(C)C1=CC(=[N+](C)C)C=CC1=C2c1cccs1,CC#N,653,672,0.05,,19,,45.6,0.645,0.974,0.044,0.286
CNc1cc2oc3c/c(=[NH+]/C)c(-c4ccccc4)cc-3c(-c3ccccc3C([O])=O)c2cc1-c1ccccc1,CO,525,555,0.9,,30,,55.4,0.608,0.904,0.605,0.545
CCN1CCc2cc3c(cc21)[Si](C)(C)c1cc2c(cc1=C3c1ccccc1C(=O)O)CC[N+]=2CC,CCO,693,713,0.023,110000,20,5.041392685,51.9,0.633,0.783,0.4,0.658
CCN(CC)c1ccc2c(-c3cnn(-c4ccccc4)c3)c3ccc(=[N+](CC)CC)cc-3oc2c1,CC#N,559,584,0.3,114000,25,5.056904851,45.6,0.645,0.974,0.044,0.286
CN1CCN(C)c2cc3c(-c4ccccc4C(=O)O)c4ccc(=O)cc-4oc3cc21,O,539,668,,,129,,63.1,0.681,0.997,1.062,0.025
CCN(CC)c1ccc2c(c1)Oc1c(ccc3c1ccc1c(C)cc(=O)oc13)C21OC(=O)c2ccccc21,CCOC(=O)C,563,600,,10600,37,4.025305865,38.1,0.656,0.603,0,0.542
CCN(CC)c1ccc2c(c1)Oc1c(ccc3c1ccc1c(C)cc(=O)oc13)C21OC(=O)c2ccccc21,CC#N,563,610,,44600,47,4.649334859,45.6,0.645,0.974,0.044,0.286
CCN(CC)c1ccc2c(c1)Oc1c(ccc3c1ccc1c(C)cc(=O)oc13)C21OC(=O)c2ccccc21,C(Cl)(Cl)Cl,567,604,,35000,37,4.544068044,39.1,0.783,0.614,0.047,0.071
CCN(CC)c1ccc2c(c1)Oc1c(ccc3c1ccc1c(C)cc(=O)oc13)C21OC(=O)c2ccccc21,CN(C)C=O,568,614,,1160,46,3.064457989,43.2,0.759,0.977,0.031,0.613
CCN(CC)c1ccc2c(c1)Oc1c(ccc3c1ccc1c(C)cc(=O)oc13)C21OC(=O)c2ccccc21,CO,562,607,,41400,45,4.617000341,55.4,0.608,0.904,0.605,0.545
CCN(CC)c1ccc2c(c1)Oc1c(ccc3c1ccc1c(C)cc(=O)oc13)C21OC(=O)c2ccccc21,C(Cl)Cl,568,605,,53600,37,4.72916479,40.7,0.761,0.769,0.04,0.178
CCN(CC)c1ccc2c(c1)Oc1c(ccc3c1ccc1c(C)cc(=O)oc13)C21OC(=O)c2ccccc21,CC(=O)C,563,610,,38800,47,4.588831726,42.2,0.651,0.907,0,0.475
CCN(CC)c1ccc2c(c1)Oc1c(ccc3c1ccc1c(C)cc(=O)oc13)C21OC(=O)c2ccccc21,O,565,618,,25800,53,4.411619706,63.1,0.681,0.997,1.062,0.025
CCN(CC)c1ccc2c(c1)Oc1c(ccc3c1ccc1c(C)cc(=O)oc13)C21OC(=O)c2ccccc21,CCO,562,608,,43800,46,4.641474111,51.9,0.633,0.783,0.4,0.658
CN(C)c1ccc2c(c1)CC1=CC(=[N+](C)C)C=CC1=C2/C=C/C=C1/C=Cc2ccccc2N1C,CC#N,585,,,45100,,4.654176542,45.6,0.645,0.974,0.044,0.286
O=C([O-])c1ccccc1-c1c2ccc(=O)cc-2oc2cc(O)ccc12,CCO,500,525,0.95,96700,25,4.985426474,51.9,0.633,0.783,0.4,0.658
C[Si]1(C)C2=CC(=[N+]3CCC3)C=CC2=C(c2ccccc2C(=O)O)c2ccc(N3CCC3)cc21,O,646,664,,,18,,63.1,0.681,0.997,1.062,0.025
CN(C(=O)C(F)(F)F)C1=c2cc3c4c(c2[Si](C)(C)c2c1cc1c5c2CCCN5CCC1)CCC[N+]=4CCC3,O,711,724,0.04,,13,,63.1,0.681,0.997,1.062,0.025
CN(C(=O)C(F)(F)F)C1=c2cc3c4c(c2[Si](C)(C)c2c1cc1c5c2CCCN5CCC1)CCC[N+]=4CCC3,CCO,713,728,0.27,90600,15,4.957128198,51.9,0.633,0.783,0.4,0.658
CN(C(=O)C(F)(F)F)C1=c2cc3c4c(c2[Si](C)(C)c2c1cc1c5c2CCCN5CCC1)CCC[N+]=4CCC3,C(Cl)Cl,715,730,0.32,87400,15,4.941511433,40.7,0.761,0.769,0.04,0.178
CN(C(=O)C(F)(F)F)C1=c2cc3c4c(c2[Si](C)(C)c2c1cc1c5c2CCCN5CCC1)CCC[N+]=4CCC3,CC#N,711,726,0.21,95300,15,4.979092901,45.6,0.645,0.974,0.044,0.286
C/[NH+]=c1/ccc2c(ccc3c(-c4ccccc4)c4ccc(N(C)C)cc4sc32)c1,CO,641,715,0.47,65000,74,4.812913357,55.4,0.608,0.904,0.605,0.545
COc1cccc(OC)c1C1=C2C=CC(=[N+]3CCCC3)C=C2P(=O)(c2ccccc2)c2cc(C)ccc21,O,706,737,0.16,56000,31,4.748188027,63.1,0.681,0.997,1.062,0.025
COC(=O)CCCCOc1ccc(-c2c3ccc(=O)cc-3oc3cc(O)ccc23)c(C)c1,O,491,510,,,19,,63.1,0.681,0.997,1.062,0.025
CCN(CC)c1ccc2c(-c3ccccc3C(=O)O)c3c([o+]c2c1)/C(=C/c1ccc(N(C)C)s1)CCC3,C(Cl)Cl,733,766,0.04,175894,33,5.245251025,40.7,0.761,0.769,0.04,0.178
CN(CCCC(=O)O)c1ccc2c(c1)C(C)(C)C1=CC(=[N+](C)C)C=CC1=C2,CCO,608,630,0.7,,22,,51.9,0.633,0.783,0.4,0.658
CCN(CC)c1ccc2c(/C=C/c3ccc(N(C)C)cc3)c3ccccc3[o+]c2c1,CC#N,663,,,45000,,4.653212514,45.6,0.645,0.974,0.044,0.286
CCc1ccccc1C1=C2C=CC(=[N+]3CCCC3)C=C2P(=O)(c2ccccc2)c2cc(N(C)C)ccc21,O,703,729,0.28,72000,26,4.857332496,63.1,0.681,0.997,1.062,0.025
CCOC(=O)c1ccccc1C1=c2cc/c(=C3/C(c4ccccc4)=C(C)c4cccc[n+]43)cc2Oc2cc(-c3c(C)c(-c4ccccc4)c4ccccn34)ccc21,CC1=CC=CC=C1,917,1057,,,140,,33.9,0.782,0.284,0,0.128
C[N+](C)=C1C=CC2=Cc3cc4c(cc3C(C)(C)C2=C1)N(CCCC(=O)O)C4,CCO,617,641,0.78,,24,,51.9,0.633,0.783,0.4,0.658
Cc1cccc(C)c1C1=C2C=CC(=O)C=C2P(=O)(c2ccccc2)c2cc(N(C)C)ccc21,O,632,655,0.26,63970,23,4.805976351,63.1,0.681,0.997,1.062,0.025
CCN(CC)c1ccc2c(c1)OC1=C(/C=C/C3=[N+](C)c4ccccc4C3(C)C)CCCC1=C2c1ccccc1C(=O)O,CO,700,732,0.42,134501,32,5.128725513,55.4,0.608,0.904,0.605,0.545
CCN(CC)c1ccc2c(c1)OC1=C(/C=C/C3=[N+](C)c4ccccc4C3(C)C)CCCC1=C2c1ccccc1C(=O)O,O,704,737,0.17,122560,33,5.088348752,63.1,0.681,0.997,1.062,0.025
CCN(CC)c1ccc2c(c1)OC1=C(/C=C/C3=[N+](C)c4ccccc4C3(C)C)CCCC1=C2c1ccccc1C(=O)O,CC#N,708,738,0.29,,30,,45.6,0.645,0.974,0.044,0.286
CCN(CC)c1ccc2c(c1)OC1=C(/C=C/C3=[N+](C)c4ccccc4C3(C)C)CCCC1=C2c1ccccc1C(=O)O,CCO,700,731,0.41,139500,31,5.144574208,51.9,0.633,0.783,0.4,0.658
CCN(CC)c1ccc2c(c1)OC1=C(/C=C/C3=[N+](C)c4ccccc4C3(C)C)CCCC1=C2c1ccccc1C(=O)O,C(Cl)(Cl)Cl,716,738,0.53,135892,22,5.13319389,39.1,0.783,0.614,0.047,0.071
C#CCCS(=O)(=O)N=C1c2ccc(N(C)C)cc2[Si](C)(C)c2cc(N(C)C)ccc21,CO,452,617,0.43,8600,165,3.934498451,55.4,0.608,0.904,0.605,0.545
CCN(CC)c1ccc2c(-c3ccccc3C(=O)O)cc(-c3ccc(I)cc3)[o+]c2c1,CO,524,649,0.022,24175,125,4.383366483,55.4,0.608,0.904,0.605,0.545
CN(C)c1ccc2c(-c3cc(C(=O)[O-])c(C(=O)[O-])cc3C(=O)[O-])c3ccc(=[N+](C)C)cc-3oc2c1,CCO,539,566,0.54,,27,,51.9,0.633,0.783,0.4,0.658
CCCCN(CCCC)c1ccc2c(-c3ccccc3C(=O)O)c3oc4ccccc4c3[o+]c2c1,CO,481,652,0.016,20661,171,4.315151338,55.4,0.608,0.904,0.605,0.545
CCN(CC)c1ccc2c(c1)OC(=C1C=CC(=[N+](CC)CC)C=C1)C=C2c1ccccc1C(=O)O,O,598,648,,,50,,63.1,0.681,0.997,1.062,0.025
CCN(CC)c1ccc2c(c1)Oc1ccccc1/C2=C\C=C\C1=[N+](C)c2ccccc2C1(C)C,CC#N,673,,,73000,,4.86332286,45.6,0.645,0.974,0.044,0.286
CCN(CC)c1ccc2c(c1)P(C)(=O)C1=C/C(=[N+](/C)CC)C=CC1=C2c1c(C)cc(C)cc1C,O,696,713,0.15,68000,17,4.832508913,63.1,0.681,0.997,1.062,0.025
CC[N+](CC)=c1ccc2c(-c3ccccc3C(=O)O)c3cc4c(cc3oc-2c1)N1CCCC1CN4C,O,575,648,,,73,,63.1,0.681,0.997,1.062,0.025
CN(C)c1ccc2c(c1)[Si](C)(C)c1cc(N(C)C)ccc1C21OCc2cccc(Br)c21,CS(=O)C,664,688,,,24,,45.1,0.83,1,0.072,0.647
COc1ccccc1C1=C2C=CC(=[N+](C)C)C=C2S(=O)(=O)c2cc(N(C)C)ccc21,O,707,747,0.05,69000,40,4.838849091,63.1,0.681,0.997,1.062,0.025
Cc1ccc(C2=c3cc4c5c(c3Oc3cc(O)ccc32)CCC[N+]=5CCC4)cc1,CCO,536,570,,85000,34,4.929418926,51.9,0.633,0.783,0.4,0.658
Oc1ccc2c(c1)oc1cc(=[OH+])cc3oc4cc(N5CCCCC5)ccc4c2c13,CS(=O)C,526,580,0.07,36000,54,4.556302501,45.1,0.83,1,0.072,0.647
CC[N+](CC)=c1ccc2c(-c3ccc(C)cc3)c3ccc(O)cc3oc-2c1,CCO,523,556,0.599,94000,33,4.973127854,51.9,0.633,0.783,0.4,0.658
CC1(C)CCN2CCC(C)(C)c3c4c(cc1c32)C(c1ccc(C(=O)O)cc1C(=O)O)=c1cc2c3c(c1O4)C(C)(C)CC[N+]=3CCC2(C)C,O,582,605,,,23,,63.1,0.681,0.997,1.062,0.025
CCN1c2cc3[o+]c4cc(OC)ccc4c(-c4ccccc4C(=O)OC)c3cc2N(CC)C2CCCCC21,CCO,543,680,0.11,76000,137,4.880813592,51.9,0.633,0.783,0.4,0.658
CCN(CC)c1ccc2c(c1)Oc1cc(O)c(-c3nc(-c4ccccc4)c(-c4ccccc4)[nH]3)cc1C21OC(=O)c2ccccc21,C(Cl)(Cl)Cl,330,445,0.152,49600,115,4.695481676,39.1,0.783,0.614,0.047,0.071
CCN(CC)c1ccc2c(c1)Oc1cc(O)c(-c3nc(-c4ccccc4)c(-c4ccccc4)[nH]3)cc1C21OC(=O)c2ccccc21,CO,328,453,0.101,32700,125,4.514547753,55.4,0.608,0.904,0.605,0.545
CCN(CC)c1ccc2c(c1)Oc1cc(O)c(-c3nc(-c4ccccc4)c(-c4ccccc4)[nH]3)cc1C21OC(=O)c2ccccc21,C1COCCO1,328,454,0.284,43400,126,4.63748973,36,0.737,0.312,0,0.444
CCN(CC)c1ccc2c(c1)Oc1cc(O)c(-c3nc(-c4ccccc4)c(-c4ccccc4)[nH]3)cc1C21OC(=O)c2ccccc21,CCOC(=O)C,328,453,0.146,58700,125,4.768638101,38.1,0.656,0.603,0,0.542
CCN(CC)c1ccc2c(c1)Oc1cc(O)c(-c3nc(-c4ccccc4)c(-c4ccccc4)[nH]3)cc1C21OC(=O)c2ccccc21,CS(=O)C,332,456,0.335,10200,124,4.008600172,45.1,0.83,1,0.072,0.647
CCN(CC)c1ccc2c(c1)Oc1cc(O)c(-c3nc(-c4ccccc4)c(-c4ccccc4)[nH]3)cc1C21OC(=O)c2ccccc21,CC1=CC=CC=C1,327,435,0.117,48400,108,4.684845362,33.9,0.782,0.284,0,0.128
CCN(CC)c1ccc2c(c1)Oc1cc(O)c(-c3nc(-c4ccccc4)c(-c4ccccc4)[nH]3)cc1C21OC(=O)c2ccccc21,CCCCCC,321,428,0.077,32200,107,4.507855872,31,0.616,0,0,0.056
O=C(O)c1c(F)c(F)c(F)c(F)c1-c1c2cc(F)c(=O)c(F)c-2oc2c(F)c(O)c(F)cc12,O,535,553,,,18,,63.1,0.681,0.997,1.062,0.025
C[N+]1=c2cc3c(cc2C(C)(C)CC1)=C(c1ccccc1)c1cc2c4c(c1[Se]3)CCCN4CCC2,CO,597,624,0.02,122000,27,5.086359831,55.4,0.608,0.904,0.605,0.545
CCOC(=O)c1cnc(NCCNC(=O)c2ccccc2-c2c3ccc(=[N+](CC)CC)cc-3oc3cc(N(CC)CC)ccc23)nc1NCCc1ccccc1,CS(=O)C,310,489,0.102,,179,,45.1,0.83,1,0.072,0.647
CCOC(=O)c1cnc(NCCNC(=O)c2ccccc2-c2c3ccc(=[N+](CC)CC)cc-3oc3cc(N(CC)CC)ccc23)nc1NCCc1ccccc1,CCOC(=O)C,309,453,0.102,,144,,38.1,0.656,0.603,0,0.542
CCOC(=O)c1cnc(NCCNC(=O)c2ccccc2-c2c3ccc(=[N+](CC)CC)cc-3oc3cc(N(CC)CC)ccc23)nc1NCCc1ccccc1,C(Cl)Cl,306,456,0.102,,150,,40.7,0.761,0.769,0.04,0.178
CCOC(=O)c1cnc(NCCNC(=O)c2ccccc2-c2c3ccc(=[N+](CC)CC)cc-3oc3cc(N(CC)CC)ccc23)nc1NCCc1ccccc1,C1CCOC1,307,448,0.102,,141,,37.4,0.714,0.634,0,0.591
C#Cc1ccc(C2=C3C=CC(=[N+](CC)CC)C=C3[Si](C)(C)c3cc(N(CC)CC)ccc32)cc1,CC#N,656,673,0.25,,17,,45.6,0.645,0.974,0.044,0.286
CCN(CC)c1ccc2c(c1)[Si](C)(C)C1=CC(=[N+](CC)CC)C=CC1=C2c1cccc([N+](=O)[O-])c1,CC#N,660,676,0.23,,16,,45.6,0.645,0.974,0.044,0.286
O=C(O)c1ccccc1-c1c2ccc(=O)c(/C=N/Cc3ccccn3)c-2oc2cc(O)ccc12,O,470,520,,,50,,63.1,0.681,0.997,1.062,0.025
CCN(CC)c1ccc2c(c1)[Si](C)(C)C1=CC(=[N+](CC)CC)C=CC1=C2c1ccccc1[N+](=O)[O-],CC#N,661,680,0.12,,19,,45.6,0.645,0.974,0.044,0.286
COc1cccc(OC)c1C1=C2C=CC(=[N+](C)C)C=C2P(=O)([O-])c2cc(N(C)C)ccc21,O,675,695,0.24,73200,20,4.864511081,63.1,0.681,0.997,1.062,0.025
O=C(O)c1ccc(-c2c3ccc(=O)cc-3oc3c(F)c(O)c(F)cc23)c(C(=O)O)c1,O,502,521,,,19,,63.1,0.681,0.997,1.062,0.025
CN(C)c1ccc2c(c1)[Si](C)(C)c1cc(N(C)C)ccc1C21OCc2ccccc21,CS(=O)C,650,674,,,24,,45.1,0.83,1,0.072,0.647
C[Si]1(C)c2c(cc3c4c2CCCN4CCC3)C(NCc2ccccc2)=c2cc3c4c(c21)CCC[N+]=4CCC3,O,501,656,0.1,13100,155,4.117271296,63.1,0.681,0.997,1.062,0.025
C[Si]1(C)c2c(cc3c4c2CCCN4CCC3)C(NCc2ccccc2)=c2cc3c4c(c21)CCC[N+]=4CCC3,CCO,502,632,0.31,14800,130,4.170261715,51.9,0.633,0.783,0.4,0.658
C[Si]1(C)c2c(cc3c4c2CCCN4CCC3)C(NCc2ccccc2)=c2cc3c4c(c21)CCC[N+]=4CCC3,C(Cl)Cl,512,645,0.32,15900,133,4.201397124,40.7,0.761,0.769,0.04,0.178
O=C(c1ccccc1C1=c2cc3c4c(c2Oc2c1cc1c5c2CCCN5CCC1)CCC[N+]=4CCC3)N1CCNCC1,O,589,610,,,21,,63.1,0.681,0.997,1.062,0.025
CCN(CC)c1ccc(/C=C2\CCCc3c2[o+]c2cc(N(CC)CC)ccc2c3-c2ccccc2C(=O)O)cc1,O,657,750,0.014,36500,93,4.562292864,63.1,0.681,0.997,1.062,0.025
CCN(CC)c1ccc(/C=C2\CCCc3c2[o+]c2cc(N(CC)CC)ccc2c3-c2ccccc2C(=O)O)cc1,CO,663,747,0.068,58920,84,4.770262738,55.4,0.608,0.904,0.605,0.545
C[Si]1(C)C2=CC(=[N+]3CCC3)C=CC2=C(c2c(F)c(SCC(=O)O)c(F)c(F)c2C(=O)O)c2ccc(N3CCC3)cc21,O,668,681,,,13,,63.1,0.681,0.997,1.062,0.025
CN(C)c1ccc2c(-c3cc(C(=O)[O-])ccc3C(=O)[O-])c3ccc(=[N+](C)C)cc-3oc2c1,CCO,538,564,0.59,,26,,51.9,0.633,0.783,0.4,0.658
CN(C)c1ccc2c(-c3cc(C(=O)[O-])ccc3C(=O)[O-])c3ccc(=[N+](C)C)cc-3oc2c1,O,549,575,0.45,,26,,63.1,0.681,0.997,1.062,0.025
COC(=O)c1ccccc1C1=c2cc3c4c(c2Oc2c1ccc1ccccc21)CCC[N+]=4CCC3,C(Cl)(Cl)Cl,528,601,0.36,11800,73,4.071882007,39.1,0.783,0.614,0.047,0.071
COC(=O)c1ccccc1C1=c2cc3c4c(c2Oc2c1ccc1ccccc21)CCC[N+]=4CCC3,CS(=O)C,532,619,0.1,3500,87,3.544068044,45.1,0.83,1,0.072,0.647
COC(=O)c1ccccc1C1=c2cc3c4c(c2Oc2c1ccc1ccccc21)CCC[N+]=4CCC3,CCO,527,606,0.49,14800,79,4.170261715,51.9,0.633,0.783,0.4,0.658
COC(=O)c1ccccc1C1=c2cc3c4c(c2Oc2c1ccc1ccccc21)CCC[N+]=4CCC3,C(Cl)Cl,526,599,0.52,15800,73,4.198657087,40.7,0.761,0.769,0.04,0.178
COC(=O)c1ccccc1C1=c2cc3c4c(c2Oc2c1ccc1ccccc21)CCC[N+]=4CCC3,CO,527,605,0.41,13400,78,4.127104798,55.4,0.608,0.904,0.605,0.545
COC(=O)c1ccccc1C1=c2cc3c4c(c2Oc2c1ccc1ccccc21)CCC[N+]=4CCC3,CC#N,529,612,0.22,8500,83,3.929418926,45.6,0.645,0.974,0.044,0.286
COC(=O)c1ccccc1C1=c2cc3c4c(c2Oc2c1ccc1ccccc21)CCC[N+]=4CCC3,O,527,610,0.19,7000,83,3.84509804,63.1,0.681,0.997,1.062,0.025
CC[N+](CC)=c1ccc2c(C(F)(F)F)c3c(oc-2c1)-c1ccc(N(C)C)cc1CC3,C(Cl)Cl,684,713,0.31,97100,29,4.98721923,40.7,0.761,0.769,0.04,0.178
CC[N+](CC)=c1ccc2c(C(F)(F)F)c3c(oc-2c1)-c1ccc(N(C)C)cc1CC3,CCO,680,725,0.119,54400,45,4.7355989,51.9,0.633,0.783,0.4,0.658
[O]C(=O)c1ccccc1C1=c2cc3c4c(c2Oc2c1cc1c5c2CCCN5CCC1)CCC[N+]=4CCC3,CC#N,577,603,1,,26,,45.6,0.645,0.974,0.044,0.286
[O]C(=O)c1ccccc1C1=c2cc3c4c(c2Oc2c1cc1c5c2CCCN5CCC1)CCC[N+]=4CCC3,CN(C)C=O,580,608,1,,28,,43.2,0.759,0.977,0.031,0.613
[O]C(=O)c1ccccc1C1=c2cc3c4c(c2Oc2c1cc1c5c2CCCN5CCC1)CCC[N+]=4CCC3,CCO,564,593,0.98,,29,,51.9,0.633,0.783,0.4,0.658
[O]C(=O)c1ccccc1C1=c2cc3c4c(c2Oc2c1cc1c5c2CCCN5CCC1)CCC[N+]=4CCC3,O,575,604,0.99,,29,,63.1,0.681,0.997,1.062,0.025
Cc1ccc(N=[N+]=[N-])cc1C1=C2C=CC(=[N+](C)C)C=C2[Si](C)(C)c2cc(N(C)C)ccc21,O,653,675,0.2,,22,,63.1,0.681,0.997,1.062,0.025
CCNc1ccc2c(-c3ccccc3C(=O)OCC)c3cc/c(=[NH+]\CC)cc-3oc2c1,CO,527,,,,,,55.4,0.608,0.904,0.605,0.545
CC/[NH+]=c1\cc2oc3cc(NC)c(C)cc3c(-c3ccccc3C(=O)OCC)c-2cc1C,CCO,488,552,0.94,,64,,51.9,0.633,0.783,0.4,0.658
CC/[NH+]=c1\cc2oc3cc(NC)c(C)cc3c(-c3ccccc3C(=O)OCC)c-2cc1C,O,530,552,0.95,,22,,63.1,0.681,0.997,1.062,0.025
CN(C)c1ccc2cc3ccc(=[N+](C)C)cc-3oc2c1,CCO,547,568,0.48,,21,,51.9,0.633,0.783,0.4,0.658
CN(C)c1ccc2cc3ccc(=[N+](C)C)cc-3oc2c1,O,548,565,0.38,,17,,63.1,0.681,0.997,1.062,0.025
CN(C)c1ccc2c(c1)CCC1=C2OC2=C3C=CC(=[N+](C)C)C=C3CCC2=C1c1ccccc1C(=O)O,O,600,673,0.25,137300,73,5.137670537,63.1,0.681,0.997,1.062,0.025
C[Si]1(C)C2=CC(=[N+]3CCC3)C=CC2=C(c2c(Cl)c(Cl)c(Cl)c(Cl)c2C(=O)O)c2ccc(N3CCC3)cc21,O,673,685,,,12,,63.1,0.681,0.997,1.062,0.025
C[Si]1(C)C2=CC(=[N+]3CCC3)C=CC2=C(c2ccccc2S(=O)(=O)O)c2ccc(N3CCC3)cc21,O,655,670,,,15,,63.1,0.681,0.997,1.062,0.025
C[N+]1=C(/C=C/C2=C3Oc4c(cc5c6c4CCCN6CCC5)C(c4ccccc4C(=O)O)=C3CCC2)C(C)(C)c2c1ccc1ccccc21,CC#N,742,780,0.2,,38,,45.6,0.645,0.974,0.044,0.286
C[N+]1=C(/C=C/C2=C3Oc4c(cc5c6c4CCCN6CCC5)C(c4ccccc4C(=O)O)=C3CCC2)C(C)(C)c2c1ccc1ccccc21,CO,730,768,0.3,129785,38,5.113224501,55.4,0.608,0.904,0.605,0.545
C[N+]1=C(/C=C/C2=C3Oc4c(cc5c6c4CCCN6CCC5)C(c4ccccc4C(=O)O)=C3CCC2)C(C)(C)c2c1ccc1ccccc21,CCO,728,763,0.29,130400,35,5.115277591,51.9,0.633,0.783,0.4,0.658
C[N+]1=C(/C=C/C2=C3Oc4c(cc5c6c4CCCN6CCC5)C(c4ccccc4C(=O)O)=C3CCC2)C(C)(C)c2c1ccc1ccccc21,C(Cl)(Cl)Cl,746,775,0.46,115210,29,5.061490177,39.1,0.783,0.614,0.047,0.071
CCOC(=O)/C(C#N)=C/C1=C2Oc3cc4ccccc4cc3C(/N=C/N(C)C)=C2CC(C(C)(C)CC)C1,CO,530,611,0.0121,61000,81,4.785329835,55.4,0.608,0.904,0.605,0.545
Cc1cccc(C)c1C1=C2C=CC(=[N+](C)C)C=C2P(=O)([O-])c2cc(N(C)C)ccc21,O,669,689,0.3,77200,20,4.8876173,63.1,0.681,0.997,1.062,0.025
CCN(CC)c1ccc2c(-c3ccccc3C(=O)O)c3c([o+]c2c1)/C(=C/c1ccc(N2CCCC2)s1)CCC3,C(Cl)Cl,738,770,0.04,156309,32,5.193983985,40.7,0.761,0.769,0.04,0.178
CN(C)c1ccc2c(c1)[Si](c1ccccc1)(c1ccccc1)C1=CC(=[N+](C)C)C=CC1=C2,O,649,665,0.23,,16,,63.1,0.681,0.997,1.062,0.025
CN(C(=O)OCc1ccccc1)C1=c2cc3c4c(c2[Si](C)(C)c2c1cc1c5c2CCCN5CCC1)CCC[N+]=4CCC3,C(Cl)Cl,702,718,0.4,102600,16,5.011147361,40.7,0.761,0.769,0.04,0.178
CN(C(=O)OCc1ccccc1)C1=c2cc3c4c(c2[Si](C)(C)c2c1cc1c5c2CCCN5CCC1)CCC[N+]=4CCC3,O,702,714,0.05,,12,,63.1,0.681,0.997,1.062,0.025
CN(C(=O)OCc1ccccc1)C1=c2cc3c4c(c2[Si](C)(C)c2c1cc1c5c2CCCN5CCC1)CCC[N+]=4CCC3,CCO,702,717,0.35,114800,15,5.059941888,51.9,0.633,0.783,0.4,0.658
CN(C(=O)OCc1ccccc1)C1=c2cc3c4c(c2[Si](C)(C)c2c1cc1c5c2CCCN5CCC1)CCC[N+]=4CCC3,CC#N,700,714,0.26,107400,14,5.031004281,45.6,0.645,0.974,0.044,0.286
CCCCOC(=O)c1ccccc1-c1c2ccc(=O)cc-2oc2cc(OCCCC)ccc12,CO,486,526,0.35,,40,,55.4,0.608,0.904,0.605,0.545
CCNc1cc2c(cc1C)C1(c3cc(C)c(NCC)cc3O2)c2ccccc2C(=O)N1NC(=O)c1ccc(OC)cc1,CO,530,551,0.078,,21,,55.4,0.608,0.904,0.605,0.545
CCNc1cc2c(cc1C)C1(c3cc(C)c(NCC)cc3O2)c2ccccc2C(=O)N1NC(=O)c1ccc(OC)cc1,CC#N,525,549,0.127,,24,,45.6,0.645,0.974,0.044,0.286
CCNc1cc2c(cc1C)C1(c3cc(C)c(NCC)cc3O2)c2ccccc2C(=O)N1NC(=O)c1ccc(OC)cc1,CN(C)C=O,535,560,0.087,,25,,43.2,0.759,0.977,0.031,0.613
CCNc1cc2c(cc1C)C1(c3cc(C)c(NCC)cc3O2)c2ccccc2C(=O)N1NC(=O)c1ccc(OC)cc1,C(Cl)(Cl)Cl,530,543,0.099,,13,,39.1,0.783,0.614,0.047,0.071
CC(C)N(C)c1ccc2c(-c3ccccc3)c3cc/c(=[N+](/C)C(C)C)cc-3oc2c1,CCO,555,575,0.44,85500,20,4.931966115,51.9,0.633,0.783,0.4,0.658
CCN(CC)c1ccc2c(-c3ccccc3C(=O)O)c3c([o+]c2c1)-c1ccccc1C3,CO,469,656,0.103,27821,187,4.444372736,55.4,0.608,0.904,0.605,0.545
CCCCC1=C2C=CC(=[N+](C)C)C=C2C(C)(C)c2cc(N(C)C)ccc21,CCO,601,636,0.67,,35,,51.9,0.633,0.783,0.4,0.658
CN(C)c1ccc2c(c1)[Si](C)(C)C1=CC(=[N+](C)C)C=CC1=C2NCCCC(=O)OC(C)(C)C,O,462,608,0.26,,146,,63.1,0.681,0.997,1.062,0.025
CCCCOC(=O)c1ccccc1-c1c2cc(I)c(=O)c(I)c-2oc2c(I)c(OCCCC)c(I)cc12,CO,534,561,0.061,,27,,55.4,0.608,0.904,0.605,0.545
Cc1nnc(-c2ccc(CO)c(C3=C4C=CC(=[N+](C)C)C=C4[Si](C)(C)c4cc(N(C)C)ccc43)c2)nn1,O,654,670,0.06,,16,,63.1,0.681,0.997,1.062,0.025
CCc1ccccc1C1=C2C=CC(=[N+]3CCCC3)C=C2P(=O)(c2ccccc2)c2cc(C)ccc21,O,703,729,0.28,72000,26,4.857332496,63.1,0.681,0.997,1.062,0.025
CCN(CC)c1ccc2c(-c3c(Br)c(Br)c(Br)c(Br)c3C(=O)O)c3cc4c(cc3[o+]c2c1)N1CCCC1CN4CC(F)(F)F,O,606,637,0.56,36754,31,4.565304611,63.1,0.681,0.997,1.062,0.025
CCN(CC)c1ccc2c(-c3ccccc3C(=O)[O-])c3ccc(=[N+](CC)CC)cc-3oc2c1,CC#N,555,579,0.4,,24,,45.6,0.645,0.974,0.044,0.286
CCN(CC)c1ccc2c(-c3ccccc3C(=O)[O-])c3ccc(=[N+](CC)CC)cc-3oc2c1,CN(C)C=O,560,588,0.42,,28,,43.2,0.759,0.977,0.031,0.613
CCN(CC)c1ccc2c(-c3ccccc3C(=O)[O-])c3ccc(=[N+](CC)CC)cc-3oc2c1,CCO,539,571,0.66,,32,,51.9,0.633,0.783,0.4,0.658
CCN(CC)c1ccc2c(-c3ccccc3C(=O)[O-])c3ccc(=[N+](CC)CC)cc-3oc2c1,O,554,580,0.36,,26,,63.1,0.681,0.997,1.062,0.025
Cc1ccccc1C1=c2cc3c(cc2[Si](C)(C)c2cc4c(cc21)CCN4C)=[N+](C)CC3,O,691,712,0.35,130000,21,5.113943352,63.1,0.681,0.997,1.062,0.025
CCOC(=O)c1cnc(NCCNC(=O)c2ccccc2-c2c3ccc(=[N+](CC)CC)cc-3oc3cc(N(CC)CC)ccc23)nc1Nc1ccccc1,CS(=O)C,311,491,0.031,,180,,45.1,0.83,1,0.072,0.647
CCOC(=O)c1cnc(NCCNC(=O)c2ccccc2-c2c3ccc(=[N+](CC)CC)cc-3oc3cc(N(CC)CC)ccc23)nc1Nc1ccccc1,C1CCOC1,309,451,0.031,,142,,37.4,0.714,0.634,0,0.591
CCOC(=O)c1cnc(NCCNC(=O)c2ccccc2-c2c3ccc(=[N+](CC)CC)cc-3oc3cc(N(CC)CC)ccc23)nc1Nc1ccccc1,C(Cl)Cl,303,460,0.031,,157,,40.7,0.761,0.769,0.04,0.178
CCOC(=O)c1cnc(NCCNC(=O)c2ccccc2-c2c3ccc(=[N+](CC)CC)cc-3oc3cc(N(CC)CC)ccc23)nc1Nc1ccccc1,CCOC(=O)C,310,456,0.031,,146,,38.1,0.656,0.603,0,0.542
CN(C)c1ccc2c(c1)C(C)(C)C1=CC(=[N+](C)C)C=CC1=C2c1ccccc1,CCO,611,638,0.06,,27,,51.9,0.633,0.783,0.4,0.658
CCN(CC)c1ccc2c(c1)Oc1cc(-c3sccc3OC)sc1C21OC(=O)c2ccccc21,CCOC(=O)C,581,638,0.1435,78700,57,4.895974732,38.1,0.656,0.603,0,0.542
CCN(CC)c1ccc2c(c1)Oc1cc(-c3sccc3OC)sc1C21OC(=O)c2ccccc21,CC(=O)C,581,638,0.086,88500,57,4.946943271,42.2,0.651,0.907,0,0.475
CCN(CC)c1ccc2c(c1)Oc1cc(-c3sccc3OC)sc1C21OC(=O)c2ccccc21,CC#N,580,639,0.0992,85500,59,4.931966115,45.6,0.645,0.974,0.044,0.286
CCN(CC)c1ccc2c(c1)Oc1cc(-c3sccc3OC)sc1C21OC(=O)c2ccccc21,CS(=O)C,587,651,0.0759,83800,64,4.923244019,45.1,0.83,1,0.072,0.647
CCN(CC)c1ccc2c(c1)Oc1cc(-c3sccc3OC)sc1C21OC(=O)c2ccccc21,CN(C)C=O,591,645,0.0809,83800,54,4.923244019,43.2,0.759,0.977,0.031,0.613
CCN(CC)c1ccc2c(c1)Oc1cc(-c3sccc3OC)sc1C21OC(=O)c2ccccc21,C(Cl)Cl,581,627,0.5209,102500,46,5.010723865,40.7,0.761,0.769,0.04,0.178
CCN(CC)c1ccc2c(c1)Oc1cc(-c3sccc3OC)sc1C21OC(=O)c2ccccc21,C1CCOC1,579,628,0.5702,98000,49,4.991226076,37.4,0.714,0.634,0,0.591
CCN(CC)c1ccc2c(c1)Oc1cc(-c3sccc3OC)sc1C21OC(=O)c2ccccc21,C(Cl)(Cl)Cl,579,628,0.5702,98000,49,4.991226076,39.1,0.783,0.614,0.047,0.071
CCN(CC)c1ccc2c(c1)Oc1cc(-c3sccc3OC)sc1C21OC(=O)c2ccccc21,CCO,580,635,0.1593,88800,55,4.948412966,51.9,0.633,0.783,0.4,0.658
CCN(CC)c1ccc2c(c1)Oc1cc(-c3sccc3OC)sc1C21OC(=O)c2ccccc21,CO,581,638,0.086,88500,57,4.946943271,55.4,0.608,0.904,0.605,0.545
CCN(CC)c1ccc2c(c1)Oc1cc(-c3sccc3OC)sc1C21OC(=O)c2ccccc21,O,582,640,0.0347,63000,58,4.799340549,63.1,0.681,0.997,1.062,0.025
Cc1cn(-c2cc3c(c(C4=C5C=CC(=[N+](C)C)C=C5[Si](C)(C)c5cc(N(C)C)ccc54)c2)OCCO3)nn1,O,656,668,0.18,,12,,63.1,0.681,0.997,1.062,0.025
O=c1cc2oc3cc(O)ccc3c3c4ccc(O)cc4oc(c1)c23,CS(=O)C,488,547,0.4,24000,59,4.380211242,45.1,0.83,1,0.072,0.647
CCN(CC)c1ccc2c(c1)Oc1cc(O)c(-c3nc4c5ccccc5c5ccccc5c4[nH]3)cc1C21OC(=O)c2ccccc21,CO,369,451,0.095,17400,82,4.240549248,55.4,0.608,0.904,0.605,0.545
CCN(CC)c1ccc2c(c1)Oc1cc(O)c(-c3nc4c5ccccc5c5ccccc5c4[nH]3)cc1C21OC(=O)c2ccccc21,C1COCCO1,371,454,0.327,28600,83,4.456366033,36,0.737,0.312,0,0.444
CCN(CC)c1ccc2c(c1)Oc1cc(O)c(-c3nc4c5ccccc5c5ccccc5c4[nH]3)cc1C21OC(=O)c2ccccc21,CCOC(=O)C,369,438,0.144,32200,69,4.507855872,38.1,0.656,0.603,0,0.542
CCN(CC)c1ccc2c(c1)Oc1cc(O)c(-c3nc4c5ccccc5c5ccccc5c4[nH]3)cc1C21OC(=O)c2ccccc21,CS(=O)C,371,459,0.347,30800,88,4.488550717,45.1,0.83,1,0.072,0.647
CCN(CC)c1ccc2c(c1)Oc1cc(O)c(-c3nc4c5ccccc5c5ccccc5c4[nH]3)cc1C21OC(=O)c2ccccc21,CCCCCC,366,416,0.086,93900,50,4.972665592,31,0.616,0,0,0.056
CCN(CC)c1ccc2c(c1)Oc1cc(O)c(-c3nc4c5ccccc5c5ccccc5c4[nH]3)cc1C21OC(=O)c2ccccc21,C(Cl)(Cl)Cl,368,428,0.154,78600,60,4.895422546,39.1,0.783,0.614,0.047,0.071
COc1cccc(OC)c1-c1c2ccc(=[N+]3CCCCC3)cc-2oc2cc(N3CCCCC3)ccc12,C(Cl)Cl,565,586,0.86,87300,21,4.941014244,40.7,0.761,0.769,0.04,0.178
CN(C)c1ccc2c(c1)P(=O)(c1ccccc1)C1=CC(=[N+](C)C)C=CC1=C2c1ccccc1C(F)(F)F,O,709,738,0.13,76000,29,4.880813592,63.1,0.681,0.997,1.062,0.025
CCN(CC)c1ccc2cc3c([o+]c2c1)/C(=C/Nc1ccccc1)CCC3,CCO,605,647,0.18,42000,42,4.62324929,51.9,0.633,0.783,0.4,0.658
CCN(CC)c1ccc2cc3c([o+]c2c1)/C(=C/Nc1ccccc1)CCC3,C(Cl)(Cl)Cl,616,642,0.22,64000,26,4.806179974,39.1,0.783,0.614,0.047,0.071
CCN(CC)c1ccc2cc3c([o+]c2c1)/C(=C/Nc1ccccc1)CCC3,C(Cl)Cl,615,647,0.31,70000,32,4.84509804,40.7,0.761,0.769,0.04,0.178
CN(C)c1ccc2c(-c3cc(N)ccc3C(=O)[O-])c3ccc(=[N+](C)C)cc-3oc2c1,CCO,542,567,0.016,,25,,51.9,0.633,0.783,0.4,0.658
CN(C)c1ccc2c(-c3cc(N)ccc3C(=O)[O-])c3ccc(=[N+](C)C)cc-3oc2c1,O,544,574,0.022,,30,,63.1,0.681,0.997,1.062,0.025
COc1cc(N=[N+]=[N-])c(OC)c(C2=C3C=CC(=[N+](C)C)C=C3[Si](C)(C)c3cc(N(C)C)ccc32)c1,O,655,669,0.051,,14,,63.1,0.681,0.997,1.062,0.025
COc1ccc(-c2c3ccc(=O)cc-3oc3cc(O)ccc23)c(OC)c1,O,494,513,,,19,,63.1,0.681,0.997,1.062,0.025
CCN(CC)c1ccc2c(-c3c(OC)cccc3OC)c3ccc(=[N+](CC)CC)cc-3oc2c1,CCO,558,578,0.51,61000,20,4.785329835,51.9,0.633,0.783,0.4,0.658
COc1cccc(OC)c1C1=C2C=CC(=O)C=C2P(=O)(c2ccccc2)c2cc(O)ccc21,O,604,627,0.48,45740,23,4.66029616,63.1,0.681,0.997,1.062,0.025
CC[N+](CC)=C1C=CC(=C/C=C2/C=C(c3ccccc3C(=O)O)c3cc4c5c(c3O2)CCCN5CCC4)C=C1,O,678,738,,,60,,63.1,0.681,0.997,1.062,0.025
O=C(O)c1ccccc1-c1c2ccc(=O)cc-2oc2cc(O)ccc12,CO,458,515,,,57,,55.4,0.608,0.904,0.605,0.545
O=C(O)c1ccccc1-c1c2ccc(=O)cc-2oc2cc(O)ccc12,C1CCOC1,454,503,,9231,49,3.965248751,37.4,0.714,0.634,0,0.591
O=C(O)c1ccccc1-c1c2ccc(=O)cc-2oc2cc(O)ccc12,CCO,458,516,,,58,,51.9,0.633,0.783,0.4,0.658
O=C(O)c1ccccc1-c1c2ccc(=O)cc-2oc2cc(O)ccc12,CC(=O)C,490,,,,,,42.2,0.651,0.907,0,0.475
O=C(O)c1ccccc1-c1c2ccc(=O)cc-2oc2cc(O)ccc12,CS(=O)C,490,,,,,,45.1,0.83,1,0.072,0.647
CN(C)c1ccc2c(c1)[Si](C)(C)c1cc(N(C)C)ccc1C21OC(=O)c2c([N+](=O)[O-])cccc21,CS(=O)C,658,682,,,24,,45.1,0.83,1,0.072,0.647
CN(C)c1ccc2c(c1)[Si](C)(C)C1=CC(=[N+](C)C)C=CC1=C2c1ccc(N=[N+]=[N-])c2ccccc12,O,654,666,0.038,,12,,63.1,0.681,0.997,1.062,0.025
COC(=O)c1ccccc1-c1c2ccc(=[NH2+])cc-2oc2ccc3ccc(OC)cc3c12,CO,520,590,0.4199,26261,70,4.41931126,55.4,0.608,0.904,0.605,0.545
Cc1ccccc1C1=c2cc3c(cc2P(=O)(c2ccccc2)c2cc4c(cc21)CCN4)=[NH+]CC3,O,708,729,0.25,63000,21,4.799340549,63.1,0.681,0.997,1.062,0.025
CCN1CCCc2cc3c(cc21)C(C)(C)c1cc2c(cc1=C3)CC[N+]=2C,CCO,629,650,0.69,,21,,51.9,0.633,0.783,0.4,0.658
Cc1ccc(C2=C3C=CC(=[N+](C)C)C=C3C(C)(C)c3cc(N(C)C)ccc32)c(C)c1,CCO,610,637,0.46,,27,,51.9,0.633,0.783,0.4,0.658
C=CCOC(=O)c1ccccc1-c1c2ccc(=O)cc-2oc2cc(OCC=C)ccc12,CCO,458,522,0.38,25080,64,4.399327532,51.9,0.633,0.783,0.4,0.658
C[Si]1(C)C2=CC(=[N+]3CCC3)C=CC2=C(c2c(F)c(F)c(F)c(F)c2C(=O)O)c2ccc(N3CCC3)cc21,O,669,682,,,13,,63.1,0.681,0.997,1.062,0.025
O=CC1=C2Oc3cc(O)c(Cl)cc3C(c3ccccc3C(=O)O)=C2CCC1,CC#N,402,534,0.05,16000,132,4.204119983,45.6,0.645,0.974,0.044,0.286
O=CC1=C2Oc3cc(O)c(Cl)cc3C(c3ccccc3C(=O)O)=C2CCC1,C1CCOC1,404,532,0.03,19000,128,4.278753601,37.4,0.714,0.634,0,0.591
O=CC1=C2Oc3cc(O)c(Cl)cc3C(c3ccccc3C(=O)O)=C2CCC1,CO,422,547,0.18,18000,125,4.255272505,55.4,0.608,0.904,0.605,0.545
O=CC1=C2Oc3cc(O)c(Cl)cc3C(c3ccccc3C(=O)O)=C2CCC1,O,437,563,0.25,20000,126,4.301029996,63.1,0.681,0.997,1.062,0.025
O=CC1=C2Oc3cc(O)c(Cl)cc3C(c3ccccc3C(=O)O)=C2CCC1,C(Cl)Cl,406,538,0.04,18000,132,4.255272505,40.7,0.761,0.769,0.04,0.178
O=CC1=C2Oc3cc(O)c(Cl)cc3C(c3ccccc3C(=O)O)=C2CCC1,CS(=O)C,411,541,0.1,17000,130,4.230448921,45.1,0.83,1,0.072,0.647
O=CC1=C2Oc3cc(O)c(Cl)cc3C(c3ccccc3C(=O)O)=C2CCC1,CCO,420,543,0.17,18000,123,4.255272505,51.9,0.633,0.783,0.4,0.658
O=CC1=C2Oc3cc(O)c(Cl)cc3C(c3ccccc3C(=O)O)=C2CCC1,CC(=O)C,403,536,0.03,18000,133,4.255272505,42.2,0.651,0.907,0,0.475
O=CC1=C2Oc3cc(O)c(Cl)cc3C(c3ccccc3C(=O)O)=C2CCC1,CN(C)C=O,407,536,0.06,16000,129,4.204119983,43.2,0.759,0.977,0.031,0.613
O=C(O)c1ccccc1[C+]1c2ccc(-c3cc4sccc4s3)cc2OC2=CC(c3cc4sccc4s3)C=CC21,C(Cl)Cl,608,732,0.8,50000,124,4.698970004,40.7,0.761,0.769,0.04,0.178
CCN(CC)c1ccc2c(c1)oc(=O)c1c(-c3ccccc3C(=O)O)c3ccc(=[N+](CC)CC)cc-3oc12,C(Cl)(Cl)Cl,602,636,0.51,77400,34,4.888740961,39.1,0.783,0.614,0.047,0.071
CCN(CC)c1ccc2c(c1)oc(=O)c1c(-c3ccccc3C(=O)O)c3ccc(=[N+](CC)CC)cc-3oc12,CCO,591,637,0.21,70800,46,4.850033258,51.9,0.633,0.783,0.4,0.658
CCN(CC)c1ccc2c(c1)oc(=O)c1c(-c3ccccc3C(=O)O)c3ccc(=[N+](CC)CC)cc-3oc12,O,594,646,0.01,26800,52,4.428134794,63.1,0.681,0.997,1.062,0.025
Cc1ccccc1-c1c2ccc(=[N+](C)C)cc-2oc2cc(N(C)C)ccc12,CCO,550,570,0.8,106700,20,5.028164419,51.9,0.633,0.783,0.4,0.658
CCN(CC)c1ccc2c(-c3ccccc3C(=O)O)c3ccc(=[N+](CC)CC)cc-3oc2c1,C(Cl)Cl,558,587,,,29,,40.7,0.761,0.769,0.04,0.178
CCN(CC)c1ccc2c(-c3ccccc3C(=O)O)c3ccc(=[N+](CC)CC)cc-3oc2c1,CO,,590,,,,,55.4,0.608,0.904,0.605,0.545
CCN(CC)c1ccc2c(-c3ccccc3C(=O)O)c3ccc(=[N+](CC)CC)cc-3oc2c1,CC#N,553,567,0.7,76370,14,4.882922791,45.6,0.645,0.974,0.044,0.286
CCN(CC)c1ccc2c(-c3ccccc3C(=O)O)c3ccc(=[N+](CC)CC)cc-3oc2c1,CCOC(=O)C,557,585,,,28,,38.1,0.656,0.603,0,0.542
CCN(CC)c1ccc2c(-c3ccccc3C(=O)O)c3ccc(=[N+](CC)CC)cc-3oc2c1,CN(C)C=O,560,588,0.42,,28,,43.2,0.759,0.977,0.031,0.613
CCN(CC)c1ccc2c(-c3ccccc3C(=O)O)c3ccc(=[N+](CC)CC)cc-3oc2c1,O,554,573,0.31,106000,19,5.025305865,63.1,0.681,0.997,1.062,0.025
CCN(CC)c1ccc2c(-c3ccccc3C(=O)O)c3ccc(=[N+](CC)CC)cc-3oc2c1,CCO,552,565,0.65,104400,13,5.018700499,51.9,0.633,0.783,0.4,0.658
CCN(CC)c1ccc2c(-c3ccccc3C(=O)O)c3ccc(=[N+](CC)CC)cc-3oc2c1,CC1=CC=CC=C1,,585,,,,,33.9,0.782,0.284,0,0.128
C#CCNC1=C2C=CC(=[N+](C)C)C=C2[Si](C)(C)c2cc(N(C)C)ccc21,O,473,628,0.25,,155,,63.1,0.681,0.997,1.062,0.025
COc1ccccc1C1=C2C=CC(=[N+]3CCCC3)C=C2P(=O)(c2ccccc2)c2cc(N(C)C)ccc21,O,706,733,0.25,54000,27,4.73239376,63.1,0.681,0.997,1.062,0.025
Cc1ccccc1-c1c2ccc(=[N+]3CCN(C(=O)OC(C)(C)C)CC3)cc-2oc2cc(N3CCN(C(=O)OC(C)(C)C)CC3)ccc12,C(Cl)Cl,555,577,0.47,120800,22,5.082066934,40.7,0.761,0.769,0.04,0.178
Cc1ccccc1-c1c2ccc(=[N+]3CCN(C(=O)OC(C)(C)C)CC3)cc-2oc2cc(N3CCN(C(=O)OC(C)(C)C)CC3)ccc12,CCO,556,580,0.19,108000,24,5.033423755,51.9,0.633,0.783,0.4,0.658
CN(C)c1cc2c(cc1F)C(c1cc(C(=O)O)ccc1C(=O)[O-])=C1C=C(F)C(=[N+](C)C)C=C1C2(C)C,O,628,660,0.06,6700,32,3.826074803,63.1,0.681,0.997,1.062,0.025
CCN(CC)c1ccc2c(-c3ccccc3C(=O)O)c3c([o+]c2c1)-c1cc2ccc(N(C)C)cc2nc1CC3,C1CCOC1,635,711,0.049,,76,,37.4,0.714,0.634,0,0.591
CCN(CC)c1ccc2c(-c3ccccc3C(=O)O)c3c([o+]c2c1)-c1cc2ccc(N(C)C)cc2nc1CC3,CC#N,630,715,0.045,,85,,45.6,0.645,0.974,0.044,0.286
CCN(CC)c1ccc2c(-c3ccccc3C(=O)O)c3c([o+]c2c1)-c1cc2ccc(N(C)C)cc2nc1CC3,C(Cl)Cl,646,710,0.2,,64,,40.7,0.761,0.769,0.04,0.178
CCN(CC)c1ccc2c(-c3ccccc3C(=O)O)c3c([o+]c2c1)-c1cc2ccc(N(C)C)cc2nc1CC3,CCO,615,685,0.12,,70,,51.9,0.633,0.783,0.4,0.658
COc1cccc(OC)c1C1=C2C=CC(=[N+]3CCCC3)C=C2P(=O)(c2ccccc2)c2cc(N(C)C)ccc21,O,706,737,0.16,56000,31,4.748188027,63.1,0.681,0.997,1.062,0.025
CCN(CC)c1ccc2c(c1)[Si](C)(C)C1=CC(=[N+](CC)CC)C=CC1=C2c1ccc(C(C)(C)C)cc1,CC#N,650,667,0.34,,17,,45.6,0.645,0.974,0.044,0.286
Cc1ccccc1C1=C2C=CC(=[N+](C)C)C=C2S(=O)(=O)c2cc(N(C)C)ccc21,O,703,742,0.07,95000,39,4.977723605,63.1,0.681,0.997,1.062,0.025
Cc1ccccc1C1=C2C=CC(=[N+](C)C)C=C2[Te](=O)c2cc(N(C)C)ccc21,O,669,686,0.18,120000,17,5.079181246,63.1,0.681,0.997,1.062,0.025
CC1(C)CC(=O)C2=C(C1)Oc1ccc3cc(O)ccc3c1C2c1ccccn1,CC#N,349,378,0.082,,29,,45.6,0.645,0.974,0.044,0.286
CC1(C)CC(=O)C2=C(C1)Oc1ccc3cc(O)ccc3c1C2c1ccccn1,C1COCCO1,347,377,0.028,,30,,36,0.737,0.312,0,0.444
CC1(C)CC(=O)C2=C(C1)Oc1ccc3cc(O)ccc3c1C2c1ccccn1,C1CCOC1,349,374,0.062,,25,,37.4,0.714,0.634,0,0.591
CC1(C)CC(=O)C2=C(C1)Oc1ccc3cc(O)ccc3c1C2c1ccccn1,CO,349,377,0.066,,28,,55.4,0.608,0.904,0.605,0.545
CC1(C)CC(=O)C2=C(C1)Oc1ccc3cc(O)ccc3c1C2c1ccccn1,CCO,349,377,0.067,,28,,51.9,0.633,0.783,0.4,0.658
CC1(C)CC(=O)C2=C(C1)Oc1ccc3cc(O)ccc3c1C2c1ccccn1,O,347,378,0.38,,31,,63.1,0.681,0.997,1.062,0.025
CCN(CC)c1ccc2c(-c3cccs3)c3ccc(=[N+](CC)CC)cc-3oc2c1,O,570,595,0.3,73000,25,4.86332286,63.1,0.681,0.997,1.062,0.025
[O]C(=O)c1ccc(C([O])=O)c(C2=c3cc4c5c(c3Oc3c2cc2c6c3CCCN6CCC2)CCC[N+]=5CCC4)c1,O,574,603,0.64,,29,,63.1,0.681,0.997,1.062,0.025
Cc1ccccc1C1=c2cc3c4c(c2P(=O)([O-])c2c1cc1c5c2CCCN5CCC1)CCC[N+]=4CCC3,O,698,712,0.32,25900,14,4.413299764,63.1,0.681,0.997,1.062,0.025
CCN(CC)c1ccc2c(c1)Oc1cc3c(cc1C21c2ccccc2C(=O)N1N)N(C)CC1CCCN31,O,578,668,0.03,,90,,63.1,0.681,0.997,1.062,0.025
CCOC(=O)c1ccccc1-c1c2ccc(=[N+](CC)CC)cc-2oc2c1c(=O)oc1cc3c(cc12)CCCN3C,CCO,602,658,0.04,77800,56,4.890979597,51.9,0.633,0.783,0.4,0.658
CCOC(=O)c1ccccc1-c1c2ccc(=[N+](CC)CC)cc-2oc2c1c(=O)oc1cc3c(cc12)CCCN3C,C(Cl)(Cl)Cl,608,647,0.33,108000,39,5.033423755,39.1,0.783,0.614,0.047,0.071
CCOC(=O)c1ccccc1-c1c2ccc(=[N+](CC)CC)cc-2oc2c1c(=O)oc1cc3c(cc12)CCCN3C,O,602,666,,76200,64,4.881954971,63.1,0.681,0.997,1.062,0.025
CC[N+]1=c2cc3c(cc2CCC1)=C(c1ccccc1C(=O)O)c1cc2c(cc1C3(C)C)N(CCCN)CCC2,CCO,632,666,0.8,,34,,51.9,0.633,0.783,0.4,0.658
Cc1ccc(C)c(C2=C3C=CC(=[N+]4CCC4)C=C3[Si](C)(C)c3cc(N4CCC4)ccc32)c1C(=O)O,O,649,660,,,11,,63.1,0.681,0.997,1.062,0.025
Cc1cccc(C)c1C1=C2C=CC(=[N+]3CCC3)C=C2[Si](C)(C)c2cc(N3CCC3)ccc21,O,651,664,,,13,,63.1,0.681,0.997,1.062,0.025
CCN1/C(=C/C=C/C=C2/C(=O)c3ccccc3S2(=O)=O)Sc2ccccc21,O,598,617,,,19,,63.1,0.681,0.997,1.062,0.025
COc1ccc(C#Cc2c3ccc(=O)cc-3oc3cc(O)ccc23)cc1,CS(=O)C,602,627,0.71,61000,25,4.785329835,45.1,0.83,1,0.072,0.647
Cc1ccccc1C1=C2C=CC(=[N+](C)C)C=C2[B-](O)(O)c2cc(N(C)C)ccc21,O,620,636,0.39,109000,16,5.037426498,63.1,0.681,0.997,1.062,0.025
CON(OC)c1ccc2c(c1)[Si](C)(C)C1=CC(=[N+](OC)OC)C=CC1=C2c1cc(N)ccc1C,O,650,669,0.0025,,19,,63.1,0.681,0.997,1.062,0.025
C[N+]1=c2cc3c(cc2C(C)(C)CC1)=C(c1ccccc1)c1cc2c4c(c1[Te]3)CCCN4CCC2,CO,610,637,0.003,127000,27,5.103803721,55.4,0.608,0.904,0.605,0.545
Cc1ccc2c(c1)P(=O)(c1ccccc1)C1=CC(=[N+]3CCCC3)C=CC1=C2c1ccccc1C(F)(F)F,O,713,741,0.21,66000,28,4.819543936,63.1,0.681,0.997,1.062,0.025
Cc1ccc(C2=C3C=CC(=[N+](Br)Br)C=C3[Si](C)(C)c3cc(N(Br)Br)ccc32)cc1,O,645,664,0.1,,19,,63.1,0.681,0.997,1.062,0.025
CCN(CC)c1ccc2c(-c3ccccc3C(=O)O)cc(-c3ccc(F)cc3)[o+]c2c1,CO,519,631,0.024,10280,112,4.011993115,55.4,0.608,0.904,0.605,0.545
CCN(C)c1ccc2c(-c3ccccc3)c3cc/c(=[N+](/C)CC)cc-3oc2c1,CCO,555,576,0.83,91500,21,4.961421094,51.9,0.633,0.783,0.4,0.658
CCN(CC)c1ccc(/C=C2\CCCC3=C2OC2=CC(=[N+](CC)CC)C=CC2C32OC(=O)c3ccccc32)cc1,CCO,663,710,0.034,,47,,51.9,0.633,0.783,0.4,0.658
Oc1ccc2cc3c(cc2c1)Oc1c2c4c(cc1=C3c1ccccc1)CCC[N+]=4CCC2,CCO,520,595,0.103,39900,75,4.600972896,51.9,0.633,0.783,0.4,0.658
Oc1ccc2cc3c(cc2c1)Oc1c2c4c(cc1=C3c1ccccc1)CCC[N+]=4CCC2,O,516,586,0.021,18300,70,4.26245109,63.1,0.681,0.997,1.062,0.025
Oc1ccc2cc3c(cc2c1)Oc1c2c4c(cc1=C3c1ccccc1)CCC[N+]=4CCC2,CC#N,515,589,0.192,37600,74,4.575187845,45.6,0.645,0.974,0.044,0.286
Oc1ccc2cc3c(cc2c1)Oc1c2c4c(cc1=C3c1ccccc1)CCC[N+]=4CCC2,C(Cl)Cl,525,611,0.276,35900,86,4.555094449,40.7,0.761,0.769,0.04,0.178
COc1ccc(N(C)c2ccc3c(c2)[Si](C)(C)C2=C/C(=[N+](\C)c4ccc(OC)cc4)C=CC2=C3c2ccccc2C)cc1,CO,660,,0.001,,,,55.4,0.608,0.904,0.605,0.545
COC(=O)c1ccc(-c2c3ccc(=O)cc-3oc3cc(O)ccc23)c(C)c1,O,496,517,,,21,,63.1,0.681,0.997,1.062,0.025
O=C([O-])c1ccc(C(=O)[O-])c(C2=c3cc4c5c(c3Oc3c2cc2c6c3CCCN6CCC2)CCC[N+]=5CCC4)c1,O,574,603,0.64,,29,,63.1,0.681,0.997,1.062,0.025
O=C([O-])c1ccc(C(=O)[O-])c(C2=c3cc4c5c(c3Oc3c2cc2c6c3CCCN6CCC2)CCC[N+]=5CCC4)c1,CCO,571,596,0.83,,25,,51.9,0.633,0.783,0.4,0.658
CCN(CC)c1ccc2c(/C=C/C=C3C=C(c4ccccc4)OC(c4ccccc4)=C3)c3ccc(OC)cc3[o+]c2c1,CC#N,729,,,104000,,5.017033339,45.6,0.645,0.974,0.044,0.286
[O]C(=O)c1ccc(C2=c3cc4c5c(c3Oc3c2cc2c6c3CCCN6CCC2)CCC[N+]=5CCC4)c(C([O])=O)c1,O,574,603,0.6,,29,,63.1,0.681,0.997,1.062,0.025
O=C(O)c1ccccc1-c1c2cc(Cl)c(=O)cc-2oc2cc(O)c(Cl)cc12,O,490,529,,,39,,63.1,0.681,0.997,1.062,0.025
O=C(O)c1ccccc1[C+]1c2ccc(-c3cccs3)cc2OC2=CC(c3cccs3)C=CC21,C(Cl)Cl,569,619,0.8,74000,50,4.86923172,40.7,0.761,0.769,0.04,0.178
CCN(CC)c1ccc2c(-c3ccccc3C(=O)N3CCSCC3)c3ccc(=[N+](CC)CC)cc-3oc2c1,CC#N,560,584,0.4,,24,,45.6,0.645,0.974,0.044,0.286
COc1ccc(C)cc1-c1c2ccc(=O)cc-2oc2cc(O)ccc12,O,494,514,,,20,,63.1,0.681,0.997,1.062,0.025
Cc1ccccc1C1=C2C=CC(=[N+](N=[N+]=[N-])N=[N+]=[N-])C=C2[Si](C)(C)c2cc(N(N=[N+]=[N-])N=[N+]=[N-])ccc21,O,653,675,0.2,,22,,63.1,0.681,0.997,1.062,0.025
CN(C)c1ccc2c(c1)CC1=CC(=[N+](C)C)C=CC1=C2/C=C/C=C1\N(C)c2ccccc2C1(C)C,CC#N,646,,,72000,,4.857332496,45.6,0.645,0.974,0.044,0.286
CN(C)c1ccc2c(c1)C(C)(C)C1=CC(=[N+](C)C)C=CC1=C2c1c(Cl)c(Cl)c(Cl)c(Cl)c1C(=O)O,CCO,642,672,0.64,,30,,51.9,0.633,0.783,0.4,0.658
[OH+]=c1cc2oc3cc(N4CCCCC4)ccc3c3c4ccc(N5CCCCC5)cc4oc(c1)c23,CS(=O)C,552,596,0.14,72000,44,4.857332496,45.1,0.83,1,0.072,0.647
c1ccc(C2=c3cc4c5c(c3Sc3c2cc2c6c3CCCN6CCC2)CCC[N+]=5CCC4)cc1,CO,594,621,0.42,124000,27,5.093421685,55.4,0.608,0.904,0.605,0.545
CC(C)(C)OC(=O)CN1CCN(c2ccc3c(-c4ccc(I)cc4)c4ccc(=[N+]5CCN(CC(=O)OC(C)(C)C)CC5)cc-4oc3c2)CC1,C(Cl)Cl,564,586,0.007,62800,22,4.797959644,40.7,0.761,0.769,0.04,0.178
O=C(O)c1ccccc1-c1c2ccc(=O)c3c-2oc2c(c(O)ccc12)CNCCSCCCCSCCNC3,O,490,515,,,25,,63.1,0.681,0.997,1.062,0.025
CCOC(=O)CCCN1Cc2cc3c(cc21)C(C)(C)C1=CC(=[N+](C)C)C=CC1=C3,CCO,617,641,0.78,,24,,51.9,0.633,0.783,0.4,0.658
CCOC(=O)c1ccccc1-c1c2ccc(=O)cc-2oc2cc(OC(=O)[C@H](CO[Si](C)(C)C(C)(C)C)NC(=O)OC(C)(C)C)ccc12,C1CCOC1,428,512,0.003,,84,,37.4,0.714,0.634,0,0.591
CCOC(=O)c1ccccc1-c1c2ccc(=O)cc-2oc2cc(OC(=O)[C@H](CO[Si](C)(C)C(C)(C)C)NC(=O)OC(C)(C)C)ccc12,CS(=O)C,449,547,0.01,,98,,45.1,0.83,1,0.072,0.647
CCOC(=O)c1ccccc1-c1c2ccc(=O)cc-2oc2cc(OC(=O)[C@H](CO[Si](C)(C)C(C)(C)C)NC(=O)OC(C)(C)C)ccc12,CC#N,445,542,0.003,,97,,45.6,0.645,0.974,0.044,0.286
CCOC(=O)c1ccccc1-c1c2ccc(=O)cc-2oc2cc(OC(=O)[C@H](CO[Si](C)(C)C(C)(C)C)NC(=O)OC(C)(C)C)ccc12,CCO,433,525,0.048,,92,,51.9,0.633,0.783,0.4,0.658
CCNc1cc2c(cc1C)C1(OC(=O)c3ccccc31)c1ccc(N(CC)CC)cc1O2,O,535,560,0.43,38800,25,4.588831726,63.1,0.681,0.997,1.062,0.025
CCNc1cc2oc3c/c(=[NH+]/CC)c(C)cc-3c(-c3ccccc3C(=O)N3CCNCC3)c2cc1C,O,537,561,,,24,,63.1,0.681,0.997,1.062,0.025
COC(=O)COc1ccc(-c2c3ccc(=O)cc-3oc3cc(O)ccc23)c(OC)c1,O,494,516,,,22,,63.1,0.681,0.997,1.062,0.025
CCN(CC)c1ccc2c(c1)Oc1ccc3ccc(O)cc3c1C21OC(=O)c2ccccc21,C(Cl)Cl,562,595,,22100,33,4.344392274,40.7,0.761,0.769,0.04,0.178
CCN(CC)c1ccc2c(c1)Oc1ccc3ccc(O)cc3c1C21OC(=O)c2ccccc21,CC#N,555,598,,18300,43,4.26245109,45.6,0.645,0.974,0.044,0.286
CCN(CC)c1ccc2c(c1)Oc1ccc3ccc(O)cc3c1C21OC(=O)c2ccccc21,O,547,602,,20600,55,4.31386722,63.1,0.681,0.997,1.062,0.025
CCN(CC)c1ccc2c(c1)Oc1ccc3ccc(O)cc3c1C21OC(=O)c2ccccc21,CO,556,599,,21200,43,4.326335861,55.4,0.608,0.904,0.605,0.545
CCN(CC)c1ccc2c(c1)Oc1ccc3ccc(O)cc3c1C21OC(=O)c2ccccc21,CS(=O)C,563,608,,16800,45,4.225309282,45.1,0.83,1,0.072,0.647
CCN(CC)c1ccc2c(c1)Oc1ccc3ccc(O)cc3c1C21OC(=O)c2ccccc21,C1CCOC1,559,599,,22800,40,4.357934847,37.4,0.714,0.634,0,0.591
CCN(CC)c1ccc2c(c1)Oc1ccc3ccc(O)cc3c1C21OC(=O)c2ccccc21,CC(=O)C,556,600,,21900,44,4.340444115,42.2,0.651,0.907,0,0.475
CCN(CC)c1ccc2c(c1)Oc1ccc3ccc(O)cc3c1C21OC(=O)c2ccccc21,CC1=CC=CC=C1,563,600,,21100,37,4.324282455,33.9,0.782,0.284,0,0.128
CCN(CC)c1ccc2c(c1)Oc1ccc3ccc(O)cc3c1C21OC(=O)c2ccccc21,CN(C)C=O,562,607,,17100,45,4.23299611,43.2,0.759,0.977,0.031,0.613
CCN(CC)c1ccc2c(c1)Oc1ccc3ccc(O)cc3c1C21OC(=O)c2ccccc21,CCO,556,599,,21600,43,4.334453751,51.9,0.633,0.783,0.4,0.658
CCOC(=O)/C(C#N)=C/C1=C2Oc3ccccc3C=C2CCC1,CC#N,462,549,0.0064,42900,87,4.632457292,45.6,0.645,0.974,0.044,0.286
CCOC(=O)/C(C#N)=C/C1=C2Oc3ccccc3C=C2CCC1,CO,462,552,0.0201,43500,90,4.638489257,55.4,0.608,0.904,0.605,0.545
CCOC(=O)/C(C#N)=C/C1=C2Oc3ccccc3C=C2CCC1,C(Cl)Cl,462,548,0.0137,42800,86,4.631443769,40.7,0.761,0.769,0.04,0.178
CCOC(=O)/C(C#N)=C/C1=C2Oc3ccccc3C=C2CCC1,CN(C)C=O,462,550,0.0093,43300,88,4.636487896,43.2,0.759,0.977,0.031,0.613
CCOC(=O)/C(C#N)=C/C1=C2Oc3ccccc3C=C2CCC1,CC1=CC=CC=C1,462,535,0.0087,43200,73,4.635483747,33.9,0.782,0.284,0,0.128
O=C(O)c1ccccc1-c1c2ccc(=O)cc-2oc2c3c4c(cc12)N1CCCC1CN4CCC3,O,545,676,,,131,,63.1,0.681,0.997,1.062,0.025
CCN(CC)c1ccc2c(-c3ccccc3C(=O)O)cc(-c3ccc(Cl)cc3)[o+]c2c1,CO,523,627,0.012,7505,104,3.875350697,55.4,0.608,0.904,0.605,0.545
CCN1CCCc2cc3c(cc21)C(C)(C)c1cc2c(cc1=C3)CCC[N+]=2C,CCO,626,648,0.87,,22,,51.9,0.633,0.783,0.4,0.658
Cc1ccccc1C1=C2C=CC(=[N+]3CCCC3)C=C2P(=O)(c2ccccc2)c2cc(N(C)C)ccc21,O,703,730,0.27,54000,27,4.73239376,63.1,0.681,0.997,1.062,0.025
O=C(O)c1c(F)c(F)c(F)c(F)c1-c1c2cc(F)c(=O)cc-2oc2cc(O)c(F)cc12,O,508,527,,,19,,63.1,0.681,0.997,1.062,0.025
CCNc1cc2c(cc1C)C1(c3cc(C)c(NCC)cc3O2)c2ccccc2C(=O)N1NC(=O)c1ccccc1,CN(C)C=O,538,555,0.081,,17,,43.2,0.759,0.977,0.031,0.613
CCNc1cc2c(cc1C)C1(c3cc(C)c(NCC)cc3O2)c2ccccc2C(=O)N1NC(=O)c1ccccc1,CO,525,548,0.219,,23,,55.4,0.608,0.904,0.605,0.545
CCNc1cc2c(cc1C)C1(c3cc(C)c(NCC)cc3O2)c2ccccc2C(=O)N1NC(=O)c1ccccc1,C(Cl)(Cl)Cl,507,535,0.094,,28,,39.1,0.783,0.614,0.047,0.071
CCNc1cc2c(cc1C)C1(c3cc(C)c(NCC)cc3O2)c2ccccc2C(=O)N1NC(=O)c1ccccc1,CC#N,531,545,0.062,,14,,45.6,0.645,0.974,0.044,0.286
CN(C)c1ccc2c(c1)[Si](C)(C)C1=CC(=[N+](C)C)C=CC1=C2NCCCCl,O,462,612,0.53,,150,,63.1,0.681,0.997,1.062,0.025
O=C(O)COc1ccc2c(c1)Oc1cc(O)ccc1C21OC(=O)c2ccccc21,O,475,516,0.35,22800,41,4.357934847,63.1,0.681,0.997,1.062,0.025
O=C(O)c1c(F)c(F)c(F)c(F)c1-c1c2ccc(=O)cc-2oc2cc(O)ccc12,O,508,527,,,19,,63.1,0.681,0.997,1.062,0.025
COc1cc(C)c(C2=C3C=CC(=[N+](C)C)C=C3[Si](C)(C)c3cc(N(C)C)ccc32)cc1-n1cc(C)nn1,O,650,666,0.066,,16,,63.1,0.681,0.997,1.062,0.025
CCN1CCN(CC)c2cc3c(-c4ccccc4C(=O)O)c4ccc(=O)cc-4oc3cc21,O,545,668,,,123,,63.1,0.681,0.997,1.062,0.025
CN(C)c1ccc2c(-c3ccc(C([O])=O)cc3C([O])=O)c3ccc(=[N+](C)C)cc-3oc2c1,O,548,578,0.45,,30,,63.1,0.681,0.997,1.062,0.025
CCN1c2cc3[o+]c4cc(Cl)ccc4c(-c4ccccc4C(=O)OC)c3cc2N(CC)C2CCCCC21,CCO,491,685,0.014,67000,194,4.826074803,51.9,0.633,0.783,0.4,0.658
CN(C)c1ccc2c(c1)[Si](C)(C)C1=CC(=[N+](C)C)C=CC1=C2NCc1ccccc1,O,469,623,0.34,,154,,63.1,0.681,0.997,1.062,0.025
CCN(CC)c1ccc2c(/C=C/c3ccc(N(C)C)cc3)c3ccc(=[N+](CC)CC)cc-3oc2c1,C(Cl)(Cl)Cl,561,,,87600,,4.942504106,39.1,0.783,0.614,0.047,0.071
CC(=O)c1ccccc1-c1c2ccc(=O)cc-2oc2cc(O)ccc12,O,494,518,,,24,,63.1,0.681,0.997,1.062,0.025
COc1ccc(C2=C3C=CC(=[N+](C)C)C=C3[Si](C)(C)c3cc(N(C)C)ccc32)c(C)c1,O,646,663,0.001,,17,,63.1,0.681,0.997,1.062,0.025
O=C(O)c1ccc(-c2c3ccc(=O)cc-3oc3c2cc(O)c2ccccc23)c(C(=O)O)c1,O,534,595,,,61,,63.1,0.681,0.997,1.062,0.025
Cc1ccccc1C1=C2C=CC(=[N+](C)C)C=C2P(=O)([O-])c2cc(N(C)C)ccc21,O,666,685,0.38,165000,19,5.217483944,63.1,0.681,0.997,1.062,0.025
COc1ccc(-c2c3ccc(=O)cc-3oc3cc(O)ccc23)c(C)c1,O,492,509,,,17,,63.1,0.681,0.997,1.062,0.025
O=C1c2ccccc2C2(c3ccc(O)cc3Oc3cc(O)ccc32)N1/N=C/c1ncc[nH]1,O,502,535,,,33,,63.1,0.681,0.997,1.062,0.025
CCN(CC)c1ccc2c(c1)C1(C3=CC(=[N+](CC)CC)C=CC3=C2c2cc(S(=O)(=O)[O-])ccc2OC)c2cc(S(=O)(=O)[O-])ccc2Oc2ccc(S(=O)(=O)[O-])cc21,CO,644,666,0.58,92300,22,4.965201701,55.4,0.608,0.904,0.605,0.545
CCN(CC)c1ccc2c(c1)C1(C3=CC(=[N+](CC)CC)C=CC3=C2c2cc(S(=O)(=O)[O-])ccc2OC)c2cc(S(=O)(=O)[O-])ccc2Oc2ccc(S(=O)(=O)[O-])cc21,CS(=O)C,651,672,0.7,84500,21,4.926856709,45.1,0.83,1,0.072,0.647
CCN(CC)c1ccc2c(c1)C1(C3=CC(=[N+](CC)CC)C=CC3=C2c2cc(S(=O)(=O)[O-])ccc2OC)c2cc(S(=O)(=O)[O-])ccc2Oc2ccc(S(=O)(=O)[O-])cc21,C(Cl)Cl,650,673,0.7,89700,23,4.952792443,40.7,0.761,0.769,0.04,0.178
CCN(CC)c1ccc2c(c1)C1(C3=CC(=[N+](CC)CC)C=CC3=C2c2cc(S(=O)(=O)[O-])ccc2OC)c2cc(S(=O)(=O)[O-])ccc2Oc2ccc(S(=O)(=O)[O-])cc21,O,650,670,0.38,81000,20,4.908485019,63.1,0.681,0.997,1.062,0.025
CC[N+](CC)=c1ccc2c(-c3ccccc3C(=O)O)cc(-c3ccc(N)cc3)oc-2c1,O,571,615,,,44,,63.1,0.681,0.997,1.062,0.025
CC[N+](CC)=c1ccc2c(-c3ccccc3C(=O)O)cc(-c3ccc(N)cc3)oc-2c1,O,571,615,0.06,117900,44,5.071513805,63.1,0.681,0.997,1.062,0.025
CCN(CC)c1ccc2c(c1)[Si](C)(C)C1=CC(=[N+](CC)CC)C=CC1=C2c1cc(C(=O)O)ccc1C(=O)O,CCO,656,671,0.16,92000,15,4.963787827,51.9,0.633,0.783,0.4,0.658
CCN(CC)c1ccc2c(C[n+]3ccccc3)c3ccc(=[N+](CC)CC)cc-3oc2c1,CC#N,600,,,73000,,4.86332286,45.6,0.645,0.974,0.044,0.286
O=P1(c2ccccc2)C2=CC(=[N+]3CCC3)C=CC2=C(c2ccccc2C(F)(F)F)c2ccc(N3CCC3)cc21,O,710,735,0.31,52000,25,4.716003344,63.1,0.681,0.997,1.062,0.025
CC1(C)c2cc(NC#N)ccc2C2(OC(=O)c3ccccc32)c2ccc(NC#N)cc21,CCO,633,658,,30000,25,4.477121255,51.9,0.633,0.783,0.4,0.658
Cc1cc(C)c(C2=c3cc4c5c(c3[Te]c3c2cc2c6c3CCCN6CCC2)CCC[N+]=5CCC4)c(C)c1,CO,617,,0.005,165000,,5.217483944,55.4,0.608,0.904,0.605,0.545
Cc1ccccc1-c1c2ccc(=[N+]3CCOCC3)cc-2oc2cc(N3CCOCC3)ccc12,CCO,556,582,0.16,98600,26,4.993876915,51.9,0.633,0.783,0.4,0.658
Cc1ccccc1-c1c2ccc(=[N+]3CCOCC3)cc-2oc2cc(N3CCOCC3)ccc12,C(Cl)Cl,554,575,0.8,106900,21,5.028977705,40.7,0.761,0.769,0.04,0.178
CCN(CC)c1ccc2c(c1)[Si](C)(C)c1cc(N(CC)CC)ccc1C21OC(=O)c2ccc(C(N)=O)cc21,CCO,656,672,0.15,160000,16,5.204119983,51.9,0.633,0.783,0.4,0.658
CN(C)c1cc2c(cc1F)C(c1cc(C(=O)O)ccc1C(=O)[O-])=C1C=C(F)C(=[N+](C)C)C=C1[Si]2(C)C,O,670,696,0.03,,26,,63.1,0.681,0.997,1.062,0.025
C[Si]1(C)C2=CC(=[N+]3CC(O)C3)C=CC2=C(c2ccccc2C(=O)[O-])c2ccc(N3CC(O)C3)cc21,O,641,662,0.42,51000,21,4.707570176,63.1,0.681,0.997,1.062,0.025
Cc1ccc(C2=C3C=CC(=[N+](C)C)C=C3[Si](C)(C)c3cc(N(C)C)ccc32)c(C)c1,O,646,660,0.32,,14,,63.1,0.681,0.997,1.062,0.025
COc1ccc(C2=C3C=CC(=[N+]4CCC4)C=C3[Si](C)(C)c3cc(N4CCC4)ccc32)c(C)c1,O,649,664,,,15,,63.1,0.681,0.997,1.062,0.025
O=C([O-])c1c(Cl)c(Cl)c(Cl)c(Cl)c1-c1c2cc(Cl)c(=O)c(Cl)c-2oc2c(Cl)c(O)c(Cl)cc12,O,537,553,0.628,54900,16,4.739572344,63.1,0.681,0.997,1.062,0.025
C[Ge]1(C)C2=CC(=[N+]3CCCC3)C=CC2=C(CO)c2ccc(N3CCCC3)cc21,O,646,658,,,12,,63.1,0.681,0.997,1.062,0.025
COc1ccc(OC)c(C2=C3C=CC(=[N+](C)C)C=C3[Si](C)(C)c3cc(N(C)C)ccc32)c1,O,651,665,0.025,,14,,63.1,0.681,0.997,1.062,0.025
COc1cccc(OC)c1C1=C2C=CC(=O)C=C2P(=O)(c2ccccc2)c2cc(N(C)C)ccc21,O,638,662,0.21,55630,24,4.74530906,63.1,0.681,0.997,1.062,0.025
O=C(O)c1ccc(C(=O)O)c(C2=c3cc4c5c(c3Oc3c2cc2c6c3CCCN6CCC2)CCC[N+]=5CCC4)c1,O,581,605,,,24,,63.1,0.681,0.997,1.062,0.025
Cc1cc2c(cc1C)C1(OC(=O)c3ccccc31)c1ccc(Nc3ccccc3)cc1O2,CO,486,,,11900,,4.075546961,55.4,0.608,0.904,0.605,0.545
CN1CC2CCCN2c2cc3c(-c4ccccc4C(=O)O)c4ccc(=O)cc-4oc3cc21,O,539,676,,,137,,63.1,0.681,0.997,1.062,0.025
CN(C)c1ccc2c(c1)C(C)(C)C1=CC(=[N+](C)C)C(F)=CC1=C2c1cc(C(=O)O)ccc1C(=O)[O-],O,617,647,0.17,73000,30,4.86332286,63.1,0.681,0.997,1.062,0.025
CN(C)c1ccc2c(c1)[Ge](C)(C)C1=CC(=[N+](C)C)C=CC1=C2,O,621,634,0.4,,13,,63.1,0.681,0.997,1.062,0.025
O=C(O)c1ccccc1-[c+]1c2ccc(-c3cc4sccc4s3)cc2oc2cc(-c3cc4sccc4s3)ccc21,C(Cl)Cl,608,732,0.08,50000,124,4.698970004,40.7,0.761,0.769,0.04,0.178
COc1ccc(-c2c3ccc(=[N+]4CCCCC4)cc-3oc3cc(N4CCCCC4)ccc23)cc1,CCO,561,582,0.31,100400,21,5.001733713,51.9,0.633,0.783,0.4,0.658
COc1ccc(-c2c3ccc(=[N+]4CCCCC4)cc-3oc3cc(N4CCCCC4)ccc23)cc1,C(Cl)Cl,562,582,0.91,116700,20,5.067070856,40.7,0.761,0.769,0.04,0.178
CCOC(=O)c1cnc(NCCNC(=O)c2ccccc2-c2c3ccc(=[N+](CC)CC)cc-3oc3cc(N(CC)CC)ccc23)nc1NCCc1ccc(OC)c(OC)c1,CCOC(=O)C,308,453,0.178,,145,,38.1,0.656,0.603,0,0.542
CCOC(=O)c1cnc(NCCNC(=O)c2ccccc2-c2c3ccc(=[N+](CC)CC)cc-3oc3cc(N(CC)CC)ccc23)nc1NCCc1ccc(OC)c(OC)c1,C1CCOC1,308,449,0.178,,141,,37.4,0.714,0.634,0,0.591
CCOC(=O)c1cnc(NCCNC(=O)c2ccccc2-c2c3ccc(=[N+](CC)CC)cc-3oc3cc(N(CC)CC)ccc23)nc1NCCc1ccc(OC)c(OC)c1,CS(=O)C,309,489,0.178,,180,,45.1,0.83,1,0.072,0.647
CCOC(=O)c1cnc(NCCNC(=O)c2ccccc2-c2c3ccc(=[N+](CC)CC)cc-3oc3cc(N(CC)CC)ccc23)nc1NCCc1ccc(OC)c(OC)c1,C(Cl)Cl,307,456,0.178,,149,,40.7,0.761,0.769,0.04,0.178
CN(C)c1ccc2c(c1)C(C)(C)c1cc(N(C)C)c(F)cc1C21OC(=O)c2ccc(C(=O)O)cc21,O,617,647,0.17,,30,,63.1,0.681,0.997,1.062,0.025
CCNc1cc2c(cc1C)C(c1ccccc1C(=O)O)=C1CCCC(/C=C/C3=[N+](C)c4ccccc4C3(C)C)=C1O2,CCO,688,721,0.56,131500,33,5.118925753,51.9,0.633,0.783,0.4,0.658
CCNc1cc2c(cc1C)C(c1ccccc1C(=O)O)=C1CCCC(/C=C/C3=[N+](C)c4ccccc4C3(C)C)=C1O2,C(Cl)(Cl)Cl,702,722,0.54,115281,20,5.061757735,39.1,0.783,0.614,0.047,0.071
CCNc1cc2c(cc1C)C(c1ccccc1C(=O)O)=C1CCCC(/C=C/C3=[N+](C)c4ccccc4C3(C)C)=C1O2,O,690,725,0.19,114950,35,5.060508976,63.1,0.681,0.997,1.062,0.025
CCNc1cc2c(cc1C)C(c1ccccc1C(=O)O)=C1CCCC(/C=C/C3=[N+](C)c4ccccc4C3(C)C)=C1O2,CO,690,720,0.55,130678,30,5.116202479,55.4,0.608,0.904,0.605,0.545
CCNc1cc2c(cc1C)C(c1ccccc1C(=O)O)=C1CCCC(/C=C/C3=[N+](C)c4ccccc4C3(C)C)=C1O2,CC#N,696,728,0.32,,32,,45.6,0.645,0.974,0.044,0.286
CC[N+](CC)=c1ccc2c(-c3ccccc3C(=O)OC)c3ccc(-c4cc(-c5ccccn5)nc(-c5ccccn5)c4)cc3oc-2c1,C1COCCO1,510,577,0.00239,7700,67,3.886490725,36,0.737,0.312,0,0.444
CC[N+](CC)=c1ccc2c(-c3ccccc3C(=O)OC)c3ccc(-c4cc(-c5ccccn5)nc(-c5ccccn5)c4)cc3oc-2c1,CC#N,508,580,0.0012,23700,72,4.374748346,45.6,0.645,0.974,0.044,0.286
CC[N+](CC)=c1ccc2c(-c3ccccc3C(=O)OC)c3ccc(-c4cc(-c5ccccn5)nc(-c5ccccn5)c4)cc3oc-2c1,CCO,506,578,0.00218,20900,72,4.320146286,51.9,0.633,0.783,0.4,0.658
CC[N+](CC)=c1ccc2c(-c3ccccc3C(=O)OC)c3ccc(-c4cc(-c5ccccn5)nc(-c5ccccn5)c4)cc3oc-2c1,O,510,591,0.00163,20000,81,4.301029996,63.1,0.681,0.997,1.062,0.025
CC[N+](CC)=c1ccc2c(-c3ccccc3C(=O)OC)c3ccc(-c4cc(-c5ccccn5)nc(-c5ccccn5)c4)cc3oc-2c1,C(Cl)(Cl)Cl,506,573,0.00366,23700,67,4.374748346,39.1,0.783,0.614,0.047,0.071
CC[N+](CC)=c1ccc2c(-c3ccccc3C(=O)OC)c3ccc(-c4cc(-c5ccccn5)nc(-c5ccccn5)c4)cc3oc-2c1,CO,508,576,0.00204,25100,68,4.399673721,55.4,0.608,0.904,0.605,0.545
CC[N+](CC)=c1ccc2c(-c3ccccc3C(=O)OC)c3ccc(-c4cc(-c5ccccn5)nc(-c5ccccn5)c4)cc3oc-2c1,CN(C)C=O,510,588,0.00205,17700,78,4.247973266,43.2,0.759,0.977,0.031,0.613
CCN(CC)c1ccc2c(c1)[Si](C)(C)C1=CC(=[N+](CC)CC)C=CC1=C2c1ccc([N+](=O)[O-])cc1,CC#N,661,677,0.1,,16,,45.6,0.645,0.974,0.044,0.286
CON(OC)c1ccc2c(c1)[Si](C)(C)C1=CC(=[N+](OC)OC)C=CC1=C2c1ccccc1C,O,649,663,0.29,,14,,63.1,0.681,0.997,1.062,0.025
CC(=O)N=c1c2ccc(N(C)C)cc2oc2cc(N(C)C)ccc12,CO,376,513,0.36,7500,137,3.875061263,55.4,0.608,0.904,0.605,0.545
CN(C)c1ccc2c(c1)[Si](C)(C)C1=CC(=[N+](C)C)C=CC1=C2,O,634,653,0.18,64200,19,4.807535028,63.1,0.681,0.997,1.062,0.025
CN(C)c1ccc2c(c1)[Si](C)(C)C1=CC(=[N+](C)C)C=CC1=C2,CO,636,648,,,12,,55.4,0.608,0.904,0.605,0.545
CCN(CC)c1ccc2c(-c3ccccc3C(=O)O)c3c([o+]c2c1)-c1ccc(Br)cc1C3,CO,479,663,0.032,25980,183,4.414639147,55.4,0.608,0.904,0.605,0.545
C[Si]1(C)C2=C(F)C(=O)C(F)=CC2=C(c2ccccc2C(=O)O)c2cc(F)c(O)c(F)c21,O,597,613,,,16,,63.1,0.681,0.997,1.062,0.025
CC[N+](CC)=c1ccc2c(-c3ccccc3C(=O)O)cc(-c3ccc(NC)cc3)oc-2c1,O,589,626,0.05,125300,37,5.097951071,63.1,0.681,0.997,1.062,0.025
CC[N+](CC)=c1ccc2c(-c3ccccc3C(=O)O)c3c(oc-2c1)-c1ccc(NC)cc1CC3,O,592,624,0.41,122100,32,5.086715664,63.1,0.681,0.997,1.062,0.025
CCN(CC)c1ccc2c(c1)Oc1ccccc1/C2=C\C=C\c1ccc2ccccc2[n+]1C,CC#N,604,,,48000,,4.681241237,45.6,0.645,0.974,0.044,0.286
CCN(CC)c1ccc2c(c1)[Si](C)(C)c1cc(N(CC)CC)ccc1C21OC(=O)c2ccc(C(=O)O)cc21,CCO,656,671,0.16,92000,15,4.963787827,51.9,0.633,0.783,0.4,0.658
COc1cc(N=[N+]=[N-])cc(C2=C3C=CC(=[N+](C)C)C=C3[Si](C)(C)c3cc(N(C)C)ccc32)c1OC,O,654,669,0.039,,15,,63.1,0.681,0.997,1.062,0.025
CNc1ccc2c(c1)C(C)(C)C1=C/C(=[NH+]/C)C=CC1=C2c1cc(C(=O)O)ccc1C(=O)[O-],O,582,607,0.69,90000,25,4.954242509,63.1,0.681,0.997,1.062,0.025
CCN(CC)c1ccc2c(c1)Oc1cc(N(CC)CC)ccc1C2=C(C=O)C=O,CC#N,537,,,90000,,4.954242509,45.6,0.645,0.974,0.044,0.286
Cc1cc(N(C)C)ccc1C1=C2C=CC(=[N+](C)C)C=C2[Si](C)(C)c2cc(N(C)C)ccc21,O,648,662,0.29,,14,,63.1,0.681,0.997,1.062,0.025
COC(=O)c1ccc(-c2c3cc(F)c(=O)cc-3oc3cc(O)c(F)cc23)c(C)c1,O,496,517,,,21,,63.1,0.681,0.997,1.062,0.025
Cc1cc(OCC(=O)O)ccc1-c1c2ccc(=O)cc-2oc2cc(O)ccc12,O,491,510,,,19,,63.1,0.681,0.997,1.062,0.025
C[Si]1(C)c2cc3c(cc2C(c2ccc(C(=O)O)cc2CO)=c2cc4c(cc21)=[N+](CCF)CCC4)CCCN3CCF,O,676,694,0.59,,18,,63.1,0.681,0.997,1.062,0.025
O=C(O)c1ccc(C2=c3cc4c5c(c3Oc3c2cc2c6c3CCCN6CCC2)CCC[N+]=5CCC4)c(C(=O)O)c1,O,580,604,,,24,,63.1,0.681,0.997,1.062,0.025
CN1CC2CCCN2c2cc3oc4cc(=O)ccc-4c(-c4ccccc4C(=O)O)c3cc21,O,540,656,,,116,,63.1,0.681,0.997,1.062,0.025
Cc1ccccc1-c1c2ccc(=[N+](C)C)cc-2[te]c2cc(N(C)C)ccc12,O,600,,0.001,100000,,5,63.1,0.681,0.997,1.062,0.025
CN(C)c1ccc2c(c1)C(C)(C)C1=CC(=[N+](C)C)C=CC1=C2c1cc(C(=O)O)ccc1C(=O)[O-],O,609,634,0.59,100000,25,5,63.1,0.681,0.997,1.062,0.025
CCN(CC)c1ccc2c(-c3cnn(-c4ccccc4)c3N)c3ccc(=[N+](CC)CC)cc-3oc2c1,CC#N,553,572,0.005,102000,19,5.008600172,45.6,0.645,0.974,0.044,0.286
CCN1CC2CCC[N+]2=c2cc3c(cc21)=C(c1ccccc1C(=O)O)c1ccc2cc(O)ccc2c1O3,O,543,660,,14900,117,4.173186268,63.1,0.681,0.997,1.062,0.025
C[Ge]1(C)C2=CC(=[N+]3CC(O)C3)C=CC2=C(c2ccccc2C(=O)[O-])c2ccc(N3CC(O)C3)cc21,O,631,651,0.6,61000,20,4.785329835,63.1,0.681,0.997,1.062,0.025
CC(=O)N(C)C1=c2cc3c4c(c2[Si](C)(C)c2c1cc1c5c2CCCN5CCC1)CCC[N+]=4CCC3,CC#N,700,713,0.25,52700,13,4.721810615,45.6,0.645,0.974,0.044,0.286
CC(=O)N(C)C1=c2cc3c4c(c2[Si](C)(C)c2c1cc1c5c2CCCN5CCC1)CCC[N+]=4CCC3,CCO,705,717,0.29,58600,12,4.767897616,51.9,0.633,0.783,0.4,0.658
CC(=O)N(C)C1=c2cc3c4c(c2[Si](C)(C)c2c1cc1c5c2CCCN5CCC1)CCC[N+]=4CCC3,C(Cl)Cl,706,718,0.35,53700,12,4.729974286,40.7,0.761,0.769,0.04,0.178
CC(=O)N(C)C1=c2cc3c4c(c2[Si](C)(C)c2c1cc1c5c2CCCN5CCC1)CCC[N+]=4CCC3,O,703,714,0.06,,11,,63.1,0.681,0.997,1.062,0.025
COc1cccc(OC)c1C1=C2C=CC(=[N+]3[C@H]4CC[C@@H]3CC4)C=C2P(=O)(c2ccccc2)c2cc(N3[C@H]4CC[C@@H]3CC4)ccc21,O,704,733,0.21,53000,29,4.72427587,63.1,0.681,0.997,1.062,0.025
COc1ccc(C2=C3C=CC(=O)C=C3[Si](C)(C)c3cc(O)ccc32)c(C)c1,C(Cl)(Cl)Cl,446,559,0.011,,113,,39.1,0.783,0.614,0.047,0.071
COc1ccc(C2=C3C=CC(=O)C=C3[Si](C)(C)c3cc(O)ccc32)c(C)c1,CS(=O)C,456,555,0.071,,99,,45.1,0.83,1,0.072,0.647
COc1ccc(C2=C3C=CC(=O)C=C3[Si](C)(C)c3cc(O)ccc32)c(C)c1,C1CCOC1,435,535,0.005,,100,,37.4,0.714,0.634,0,0.591
COc1ccc(C2=C3C=CC(=O)C=C3[Si](C)(C)c3cc(O)ccc32)c(C)c1,CO,474,562,0.058,,88,,55.4,0.608,0.904,0.605,0.545
COc1ccc(C2=C3C=CC(=O)C=C3[Si](C)(C)c3cc(O)ccc32)c(C)c1,C(Cl)Cl,437,558,0.001,,121,,40.7,0.761,0.769,0.04,0.178
COc1ccc(C2=C3C=CC(=O)C=C3[Si](C)(C)c3cc(O)ccc32)c(C)c1,CCO,470,565,0.081,,95,,51.9,0.633,0.783,0.4,0.658
CN(C)c1cc2c(cc1F)C1(OC(=O)c3ccc(C(=O)O)cc31)c1cc(F)c(N(C)C)cc1C2(C)C,O,628,660,0.06,,32,,63.1,0.681,0.997,1.062,0.025
O=C1OC2(c3ccccc31)c1cc3c4c(c1Oc1c2c(=O)oc2cc(N(c5ccccc5)c5ccccc5)ccc12)CCCN4CCC3,CCCCCC,371,435,0.59,29900,64,4.475671188,31,0.616,0,0,0.056
O=C1OC2(c3ccccc31)c1cc3c4c(c1Oc1c2c(=O)oc2cc(N(c5ccccc5)c5ccccc5)ccc12)CCCN4CCC3,CC#N,371,503,0.63,30300,132,4.481442629,45.6,0.645,0.974,0.044,0.286
O=C1OC2(c3ccccc31)c1cc3c4c(c1Oc1c2c(=O)oc2cc(N(c5ccccc5)c5ccccc5)ccc12)CCCN4CCC3,CC(=O)C,371,504,0.68,31700,133,4.501059262,42.2,0.651,0.907,0,0.475
O=C1OC2(c3ccccc31)c1cc3c4c(c1Oc1c2c(=O)oc2cc(N(c5ccccc5)c5ccccc5)ccc12)CCCN4CCC3,CO,376,497,0.72,32900,121,4.517195898,55.4,0.608,0.904,0.605,0.545
O=C1OC2(c3ccccc31)c1cc3c4c(c1Oc1c2c(=O)oc2cc(N(c5ccccc5)c5ccccc5)ccc12)CCCN4CCC3,CC1=CC=CC=C1,374,462,0.76,31400,88,4.496929648,33.9,0.782,0.284,0,0.128
O=C1OC2(c3ccccc31)c1cc3c4c(c1Oc1c2c(=O)oc2cc(N(c5ccccc5)c5ccccc5)ccc12)CCCN4CCC3,C(Cl)(Cl)Cl,380,471,0.73,34300,91,4.53529412,39.1,0.783,0.614,0.047,0.071
O=C1OC2(c3ccccc31)c1cc3c4c(c1Oc1c2c(=O)oc2cc(N(c5ccccc5)c5ccccc5)ccc12)CCCN4CCC3,CS(=O)C,371,500,0.69,33300,129,4.522444234,45.1,0.83,1,0.072,0.647
CCN(CC)c1ccc2c(-c3ccccc3C3=NCCO3)c3ccc(=[N+](CC)CC)cc-3oc2c1,O,555,584,,,29,,63.1,0.681,0.997,1.062,0.025
CC[N+](CC)=c1ccc2c(-c3ccccc3C(=O)OC)c3ccc(C(=C(c4ccccc4)c4ccccc4)c4ccccc4)cc3oc-2c1,CCO,554,649,0.017,36300,95,4.559906625,51.9,0.633,0.783,0.4,0.658
CC[N+](CC)=c1ccc2c(-c3ccccc3C(=O)OC)c3ccc(C(=C(c4ccccc4)c4ccccc4)c4ccccc4)cc3oc-2c1,C(Cl)Cl,559,667,0.028,44800,108,4.651278014,40.7,0.761,0.769,0.04,0.178
CC[N+](CC)=c1ccc2c(-c3ccccc3C(=O)OC)c3ccc(C(=C(c4ccccc4)c4ccccc4)c4ccccc4)cc3oc-2c1,C1CCOC1,556,630,0.023,34900,74,4.542825427,37.4,0.714,0.634,0,0.591
CC[N+](CC)=c1ccc2c(-c3ccccc3C(=O)OC)c3ccc(C(=C(c4ccccc4)c4ccccc4)c4ccccc4)cc3oc-2c1,C(Cl)(Cl)Cl,560,634,0.284,38100,74,4.580924976,39.1,0.783,0.614,0.047,0.071
CC[N+](CC)=c1ccc2c(-c3ccccc3C(=O)OC)c3ccc(C(=C(c4ccccc4)c4ccccc4)c4ccccc4)cc3oc-2c1,CN(C)C=O,523,653,0.024,32000,130,4.505149978,43.2,0.759,0.977,0.031,0.613
Cc1cccc(C)c1C1=C2C=CC(=O)C=C2P(=O)([O-])c2cc(N(C)C)ccc21,O,666,692,0.11,49900,26,4.698100546,63.1,0.681,0.997,1.062,0.025
Ic1ccc(-c2c3ccc(=[N+]4CCCCC4)cc-3oc3cc(N4CCCCC4)ccc23)cc1,C(Cl)Cl,570,590,0.85,115400,20,5.062205809,40.7,0.761,0.769,0.04,0.178
Ic1ccc(-c2c3ccc(=[N+]4CCCCC4)cc-3oc3cc(N4CCCCC4)ccc23)cc1,CCO,568,592,0.28,70700,24,4.849419414,51.9,0.633,0.783,0.4,0.658
Cc1cn(-c2cc(C3=C4C=CC(=[N+](C)C)C=C4[Si](C)(C)c4cc(N(C)C)ccc43)c3cc[nH]c3c2)nn1,O,654,668,0.0088,,14,,63.1,0.681,0.997,1.062,0.025
O=c1ccc2c3c4ccc(N5CCCCC5)cc4oc4cc(N5CCCCC5)cc(oc-2c1)c43,CS(=O)C,542,571,0.86,45000,29,4.653212514,45.1,0.83,1,0.072,0.647
CN(C)c1ccc2c(-c3ccccc3)c3ccc(=[N+](C)C)cc-3[te]c2c1,CO,601,,0.005,81000,,4.908485019,55.4,0.608,0.904,0.605,0.545
CCN(CC)c1ccc2c(-c3ccccc3C(=O)N3CCOCC3)c3ccc(=[N+](CC)CC)cc-3oc2c1,CC#N,560,583,0.39,,23,,45.6,0.645,0.974,0.044,0.286
CN(C)c1ccc2c(c1)[Si](C)(C)C1=CC(=[N+](C)C)C=CC1=C2NCCCN=[N+]=[N-],O,462,608,0.36,,146,,63.1,0.681,0.997,1.062,0.025
CN(C)c1ccc2c(c1)[Si](C)(CCC(F)(F)F)C1=CC(=[N+](C)C)C=CC1=C2,O,637,651,0.2,,14,,63.1,0.681,0.997,1.062,0.025
O=C(O)c1ccccc1-c1c2ccc(=O)cc-2oc2c(C3NC(C(=O)O)CS3)c(O)ccc12,O,420,528,,,108,,63.1,0.681,0.997,1.062,0.025
Cc1ccccc1C1=C2C=CC(=[N+](C)C)C=C2P(=O)(C(C)(C)C)c2cc(N(C)C)ccc21,O,693,719,0.32,44000,26,4.643452676,63.1,0.681,0.997,1.062,0.025
CCN(C(C)=O)c1cc2c(cc1C)C(c1ccccc1C(=O)O)=C1CCCC(/C=C/C3=[N+](C)c4ccc5ccccc5c4C3(C)C)=C1O2,CCO,678,715,0.005,43618,37,4.639665748,51.9,0.633,0.783,0.4,0.658
O=C(O)c1ccccc1-c1c2ccc(=O)c(CNCCSCCCSCCNCc3c4oc5cc(O)ccc5c(-c5ccccc5C(=O)O)c-4ccc3=O)c-2oc2cc(O)ccc12,O,496,517,,,21,,63.1,0.681,0.997,1.062,0.025
Cc1ccccc1-c1c2cc(F)c(=O)cc-2oc2cc(O)c(F)cc12,O,494,514,,,20,,63.1,0.681,0.997,1.062,0.025
CCN(CC)c1ccc2c(-c3ccc(S(=O)(=O)O)cc3S(=O)(=O)[O-])c3ccc(=[N+](CC)CC)cc-3oc2c1,CC#N,551,575,0.58,,24,,45.6,0.645,0.974,0.044,0.286
CCN(CC)c1ccc2c(-c3ccc(S(=O)(=O)O)cc3S(=O)(=O)[O-])c3ccc(=[N+](CC)CC)cc-3oc2c1,CN(C)C=O,554,576,0.54,,22,,43.2,0.759,0.977,0.031,0.613
CCN(CC)c1ccc2c(-c3ccc(S(=O)(=O)O)cc3S(=O)(=O)[O-])c3ccc(=[N+](CC)CC)cc-3oc2c1,CCO,556,581,0.66,,25,,51.9,0.633,0.783,0.4,0.658
CCN(CC)c1ccc2c(-c3ccc(S(=O)(=O)O)cc3S(=O)(=O)[O-])c3ccc(=[N+](CC)CC)cc-3oc2c1,O,554,591,0.36,,37,,63.1,0.681,0.997,1.062,0.025
CCN(CC)c1ccc2c(/C=C/C=C3\N(C)c4ccccc4C3(C)C)c3ccc(=[N+](CC)CC)cc-3oc2c1,CC#N,651,,,107600,,5.031812271,45.6,0.645,0.974,0.044,0.286
O=Cc1c2oc3c(C=O)c(O)ccc3c(-c3ccccc3C(=O)O)c-2ccc1=O,O,493,525,,,32,,63.1,0.681,0.997,1.062,0.025
CN(C)c1ccc2c(-c3ccc(C(=O)[O-])cc3C(=O)[O-])c3ccc(=[N+](C)C)cc-3oc2c1,O,548,578,0.45,,30,,63.1,0.681,0.997,1.062,0.025
CN(C)c1ccc2c(-c3ccc(C(=O)[O-])cc3C(=O)[O-])c3ccc(=[N+](C)C)cc-3oc2c1,CCO,540,569,0.56,,29,,51.9,0.633,0.783,0.4,0.658
CCN1CC2CCCN2c2cc3oc4c(Cl)c(=O)ccc-4c(-c4ccccc4C(=O)O)c3cc21,O,551,662,,,111,,63.1,0.681,0.997,1.062,0.025
CCN(CC)c1ccc2c(-c3ccccc3C(=O)O)c3c([o+]c2c1)/C(=C/Nc1ccccc1)CCC3,C(Cl)(Cl)Cl,608,644,0.35,64000,36,4.806179974,39.1,0.783,0.614,0.047,0.071
CCN(CC)c1ccc2c(-c3ccccc3C(=O)O)c3c([o+]c2c1)/C(=C/Nc1ccccc1)CCC3,CCO,595,641,0.35,68000,46,4.832508913,51.9,0.633,0.783,0.4,0.658
CCN(CC)c1ccc2c(-c3ccccc3C(=O)O)c3c([o+]c2c1)/C(=C/Nc1ccccc1)CCC3,C(Cl)Cl,607,644,0.6,66000,37,4.819543936,40.7,0.761,0.769,0.04,0.178
CN(C)c1ccc2c(c1)[Si](C)(C)C1=CC(=[N+](C)C)C=CC1=C2NCCc1ccccc1,O,461,620,0.09,,159,,63.1,0.681,0.997,1.062,0.025
CCN(CC)c1ccc2c(c1)Oc1cc(N(CC)CC)ccc1C2=C/C=C/C1=[N+](C)c2ccccc2C1(C)C,CC#N,651,,,108000,,5.033423755,45.6,0.645,0.974,0.044,0.286
CN(C)c1ccc2c(c1)C(C)(C)c1cc(N(C)C)ccc1C21OC(=O)c2ccc(C(=O)O)cc21,O,609,634,0.59,,25,,63.1,0.681,0.997,1.062,0.025
CC[N+]1=c2cc3c(cc2CC1)=C(c1ccccc1C(=O)O)c1ccc(N)cc1[Si]3(C)C,O,633,658,0.18,18800,25,4.274157849,63.1,0.681,0.997,1.062,0.025
C=CCc1c(O)c(Cl)cc2c(-c3ccccc3CO)c3cc(Cl)c(=O)cc-3oc12,O,505,535,,,30,,63.1,0.681,0.997,1.062,0.025
CCOC(=O)/C(C#N)=C/C1=C2Oc3cc4ccccc4cc3C(/N=C/N(C)C)=C2CC(C)C1,CO,526,611,0.0123,61100,85,4.78604121,55.4,0.608,0.904,0.605,0.545
COc1cc(OC)c(C2=C3C=CC(=[N+](C)C)C=C3[Si](C)(C)c3cc(N(C)C)ccc32)cc1N=[N+]=[N-],O,654,666,0.0042,,12,,63.1,0.681,0.997,1.062,0.025
O=C(O)c1ccc(-c2c3ccc(=O)cc-3oc3cc(O)ccc23)c(C(=O)O)c1,O,492,516,,,24,,63.1,0.681,0.997,1.062,0.025
Cc1ccccc1C1=C2C=CC(=[N+](C)C)C=C2[Ge](C)(C)c2cc(N(C)C)ccc21,O,635,649,0.34,,14,,63.1,0.681,0.997,1.062,0.025
CN(C)c1ccc2c(c1)[Si](C)(C)C1=CC(=[N+](C)C)C=CC1=C2c1ccccc1,O,646,667,0.1,120000,21,5.079181246,63.1,0.681,0.997,1.062,0.025
CON(OC)c1ccc2c(c1)[Si](C)(C)C1=CC(=[N+](OC)OC)C=CC1=C2c1cc(-n2cc(C)nn2)ccc1C,O,655,669,0.19,,14,,63.1,0.681,0.997,1.062,0.025
Cc1cn(-c2ccc(C)c(C3=C4C=CC(=[N+]5CCOCC5)C=C4[Si](C)(C)c4cc(N5CCOCC5)ccc43)c2)nn1,O,663,676,0.0015,,13,,63.1,0.681,0.997,1.062,0.025
CC1(C)CC(=O)C2=C(C1)Oc1ccc3ccc(O)cc3c1C2c1ccccn1,CCO,334,344,0.0035,,10,,51.9,0.633,0.783,0.4,0.658
CC1(C)CC(=O)C2=C(C1)Oc1ccc3ccc(O)cc3c1C2c1ccccn1,C1COCCO1,335,354,0.0021,,19,,36,0.737,0.312,0,0.444
CC1(C)CC(=O)C2=C(C1)Oc1ccc3ccc(O)cc3c1C2c1ccccn1,CC#N,334,345,0.0037,,11,,45.6,0.645,0.974,0.044,0.286
CC1(C)CC(=O)C2=C(C1)Oc1ccc3ccc(O)cc3c1C2c1ccccn1,C1CCOC1,335,354,0.0027,,19,,37.4,0.714,0.634,0,0.591
CC1(C)CC(=O)C2=C(C1)Oc1ccc3ccc(O)cc3c1C2c1ccccn1,CO,341,346,0.0024,,5,,55.4,0.608,0.904,0.605,0.545
COC(=O)c1ccccc1-c1c2ccc(=N)cc-2oc2c1ccc1cccc(OC)c12,O,538,596,,,58,,63.1,0.681,0.997,1.062,0.025
COc1ccc(C2=C3C=CC(=[N+](C)C)C=C3[Si](C)(C)c3cc(N(C)C)ccc32)c(OC)c1,O,649,663,0.2,,14,,63.1,0.681,0.997,1.062,0.025
N#CNc1ccc2c(c1)Oc1cc(NC#N)ccc1C21OC(=O)c2ccc(C(=O)O)cc21,CCO,569,597,,119000,28,5.075546961,51.9,0.633,0.783,0.4,0.658
[O][N+](=O)c1ccc(C2=c3cc4c5c(c3Oc3cc(O)ccc32)CCC[N+]=5CCC4)cc1,CCO,545,584,,74000,39,4.86923172,51.9,0.633,0.783,0.4,0.658
C[C@H](Nc1c2ccc(=[N+]3CCCCC3)cc-2oc2cc(N3CCCCC3)ccc12)C(=O)OC(C)(C)C,C(Cl)Cl,462,544,0.9,62000,82,4.792391689,40.7,0.761,0.769,0.04,0.178
CCN(CC)c1ccc2c(-c3ccccc3C(=O)O)c3c([o+]c2c1)/C(=C/c1ccc(O)cc1)CCC3,CO,570,654,0.123,24900,84,4.396199347,55.4,0.608,0.904,0.605,0.545
CCNc1cc2oc3c/c(=[NH+]\CC)c(C)cc-3c(-c3ccccc3C(=O)OCC)c2cc1C,O,527,528,0.95,81000,1,4.908485019,63.1,0.681,0.997,1.062,0.025
CCNc1cc2oc3c/c(=[NH+]\CC)c(C)cc-3c(-c3ccccc3C(=O)OCC)c2cc1C,CN(C)C=O,534,562,0.75,,28,,43.2,0.759,0.977,0.031,0.613
CCNc1cc2oc3c/c(=[NH+]\CC)c(C)cc-3c(-c3ccccc3C(=O)OCC)c2cc1C,O,525,554,0.95,,29,,63.1,0.681,0.997,1.062,0.025
CCNc1cc2oc3c/c(=[NH+]\CC)c(C)cc-3c(-c3ccccc3C(=O)OCC)c2cc1C,CC#N,524,552,0.94,,28,,45.6,0.645,0.974,0.044,0.286
CCNc1cc2oc3c/c(=[NH+]\CC)c(C)cc-3c(-c3ccccc3C(=O)OCC)c2cc1C,CCO,527,552,0.95,,25,,51.9,0.633,0.783,0.4,0.658
C[Si]1(C)C2=CC(=[N+]3CCC3)C=CC2=C(c2ccc(C(=O)O)cc2CO)c2ccc(N3CCC3)cc21,O,655,669,0.32,,14,,63.1,0.681,0.997,1.062,0.025
CC[N+](CC)=C1C=CC2C(=C1)OC1=C(CCC/C1=C\c1ccc(N(CCCl)CCCl)cc1)C21OC(=O)c2ccccc21,CCO,627,716,0.036,,89,,51.9,0.633,0.783,0.4,0.658
O=C(O)c1ccc(-c2c3ccc(=O)cc-3oc3c2ccc2cc(O)ccc23)c(C(=O)O)c1,O,512,553,,,41,,63.1,0.681,0.997,1.062,0.025
CC[N+](CC)=c1ccc2c(-c3ccccc3C([O])=O)c3cc(-c4nc(-c5ccccc5)c(-c5ccccc5)[nH]4)c(O)cc3oc-2c1,C1COCCO1,562,592,0.676,81200,30,4.909556029,36,0.737,0.312,0,0.444
CC[N+](CC)=c1ccc2c(-c3ccccc3C([O])=O)c3cc(-c4nc(-c5ccccc5)c(-c5ccccc5)[nH]4)c(O)cc3oc-2c1,CO,557,591,0.175,18600,34,4.269512944,55.4,0.608,0.904,0.605,0.545
CC[N+](CC)=c1ccc2c(-c3ccccc3C([O])=O)c3cc(-c4nc(-c5ccccc5)c(-c5ccccc5)[nH]4)c(O)cc3oc-2c1,CC1=CC=CC=C1,535,577,0.219,21100,42,4.324282455,33.9,0.782,0.284,0,0.128
CC[N+](CC)=c1ccc2c(-c3ccccc3C([O])=O)c3cc(-c4nc(-c5ccccc5)c(-c5ccccc5)[nH]4)c(O)cc3oc-2c1,CCCCCC,534,573,0.111,13100,39,4.117271296,31,0.616,0,0,0.056
CC[N+](CC)=c1ccc2c(-c3ccccc3C([O])=O)c3cc(-c4nc(-c5ccccc5)c(-c5ccccc5)[nH]4)c(O)cc3oc-2c1,CS(=O)C,567,609,0.814,11100,42,4.045322979,45.1,0.83,1,0.072,0.647
CC[N+](CC)=c1ccc2c(-c3ccccc3C([O])=O)c3cc(-c4nc(-c5ccccc5)c(-c5ccccc5)[nH]4)c(O)cc3oc-2c1,C(Cl)(Cl)Cl,557,578,0.314,15400,21,4.187520721,39.1,0.783,0.614,0.047,0.071
CC[N+](CC)=c1ccc2c(-c3ccccc3C([O])=O)c3cc(-c4nc(-c5ccccc5)c(-c5ccccc5)[nH]4)c(O)cc3oc-2c1,CCOC(=O)C,558,585,0.398,56200,27,4.749736316,38.1,0.656,0.603,0,0.542
CCN(CC)c1ccc2c(/C=C/C=C3/Sc4ccccc4N3C)c3ccc(=[N+](CC)CC)cc-3oc2c1,CC#N,663,,,121900,,5.086003706,45.6,0.645,0.974,0.044,0.286
CN(C)c1ccc2c(c1)[Si](C)(C)C1=CC(=[N+](C)C)C=CC1=C2c1cc(N)cc2c1OCCO2,O,653,667,0.00093,,14,,63.1,0.681,0.997,1.062,0.025
CCN(CC)c1ccc2c(-c3ccccc3C(=O)N3CCNCC3)c3ccc(=[N+](CC)CC)cc-3oc2c1,O,567,589,,,22,,63.1,0.681,0.997,1.062,0.025
CC(CCO)OC(=O)c1c(C2=C3C=CC(=[N+](C)C)C=C3[Si](C)(C)c3cc(N(C)C)ccc32)cc(F)c(F)c1F,O,662,680,0.66,118000,18,5.071882007,63.1,0.681,0.997,1.062,0.025
COC(=O)c1ccccc1-c1c2ccc(=[NH2+])cc-2oc2ccc3ccc(N)cc3c12,CO,568,610,0.0108,18013,42,4.255586049,55.4,0.608,0.904,0.605,0.545
CC(C)N(C)c1ccc2c(-c3ccccc3C(=O)O)c3cc/c(=[N+](/C)C(C)C)cc-3oc2c1,CCO,553,566,0.41,92400,13,4.965671971,51.9,0.633,0.783,0.4,0.658
Cc1ccc(C2=C3C=CC(=[N+](F)F)C=C3[Si](C)(C)c3cc(N(F)F)ccc32)cc1,O,650,671,0.11,,21,,63.1,0.681,0.997,1.062,0.025
CN(C)c1ccc2c(c1)[Si](C)(C)C1=CC(=[N+](C)C)C=CC1=C2c1cc(N=[N+]=[N-])cc2c1OCCO2,O,655,668,0.019,,13,,63.1,0.681,0.997,1.062,0.025
CCN(CC)c1c2ccc(=[N+]3CCCCC3)cc-2oc2cc(N3CCCCC3)ccc12,C(Cl)Cl,499,558,0.11,51000,59,4.707570176,40.7,0.761,0.769,0.04,0.178
O=c1ccc2c(-c3cc(O)cc4oc5cc(O)ccc5c(=O)c34)c3ccc(O)cc3oc-2c1,CO,483,532,0.27,,49,,55.4,0.608,0.904,0.605,0.545
O=c1ccc2c(-c3ccccc3)c3c(ccc4ccc(O)cc43)oc-2c1,O,570,700,,,130,,63.1,0.681,0.997,1.062,0.025
CCOP1(=O)c2c(cc3c4c2CCCN4CCC3)C(c2ccccc2C)=c2cc3c4c(c21)CCC[N+]=4CCC3,O,744,764,0.16,80000,20,4.903089987,63.1,0.681,0.997,1.062,0.025
CCN(CC)c1ccc2c(-c3ccccc3C(=O)O)cc(-c3ccccc3)[o+]c2c1,CO,518,638,0.023,17900,121,4.252853031,55.4,0.608,0.904,0.605,0.545
CC(C)(C)OC(=O)N1CCN(c2ccc3c(-c4ccc(I)cc4)c4ccc(=[N+]5CCN(C(=O)OC(C)(C)C)CC5)cc-4oc3c2)CC1,C(Cl)Cl,561,585,0.41,77900,24,4.891537458,40.7,0.761,0.769,0.04,0.178
CCN(CC)c1ccc2c(-c3c(C(C)C)cccc3C(C)C)c3ccc(=[N+](CC)CC)cc-3oc2c1,CCO,558,582,0.29,45000,24,4.653212514,51.9,0.633,0.783,0.4,0.658
CCCCOC(=O)c1ccccc1-c1c2cc(Br)c(=O)c(Br)c-2oc2c(Br)c(OCCCC)c(Br)cc12,CO,514,553,0.081,,39,,55.4,0.608,0.904,0.605,0.545
C#COc1ccc2cc3c(cc2c1)Oc1c2c4c(cc1=C3c1ccccc1)CCC[N+]=4CCC2,CC#N,466,590,0.183,28800,124,4.459392488,45.6,0.645,0.974,0.044,0.286
C#COc1ccc2cc3c(cc2c1)Oc1c2c4c(cc1=C3c1ccccc1)CCC[N+]=4CCC2,CCO,514,589,0.108,30400,75,4.482873584,51.9,0.633,0.783,0.4,0.658
C#COc1ccc2cc3c(cc2c1)Oc1c2c4c(cc1=C3c1ccccc1)CCC[N+]=4CCC2,O,476,591,0.064,24400,115,4.387389826,63.1,0.681,0.997,1.062,0.025
C#COc1ccc2cc3c(cc2c1)Oc1c2c4c(cc1=C3c1ccccc1)CCC[N+]=4CCC2,C(Cl)Cl,517,585,0.273,30400,68,4.482873584,40.7,0.761,0.769,0.04,0.178
CC[N+](CC)=c1ccc2c(-c3ccccc3C(=O)O)c3c(oc-2c1)-c1ccc(N(C)C)cc1CC3,O,599,635,0.37,123300,36,5.090963077,63.1,0.681,0.997,1.062,0.025
COc1cc(-n2cc(C)nn2)cc(C2=C3C=CC(=[N+](C)C)C=C3[Si](C)(C)c3cc(N(C)C)ccc32)c1OC,O,656,670,0.18,,14,,63.1,0.681,0.997,1.062,0.025
